num,Ctrl,VPA
1,0.1755762,0.24306928
2,0.24893709,0.21657409
3,0.32679853,0.2878365
4,0.2774014,0.25460744
5,0.17881848,0.15357278
6,0.38740402,0.2607155
7,0.37942702,0.20285726
8,0.28318688,0.22080903
9,0.1766478,0.2457767
10,0.28535768,0.24580452
11,0.2875379,0.18292327
12,0.34097698,0.2170424
13,0.24645191,0.25398347
14,0.30496687,0.25621915
15,0.36091134,0.3146955
16,0.34579572,0.22293864
17,0.34972358,0.2118213
18,0.37171477,0.18270858
19,0.4111255,0.25985444
20,0.24044931,0.24793226
21,0.353964,0.24787956
22,0.30293363,0.31527254
23,0.20105633,0.23122165
24,0.21896142,0.22240208
25,0.35778597,0.2627283
26,0.3005016,0.23144794
27,0.31133273,0.26686144
28,0.3384348,0.21441315
29,0.3877662,0.30021054
30,0.32375008,0.24531226
31,0.32221138,0.27639762
32,0.34107888,0.25779217
33,0.25191382,0.24266788
34,0.25232026,0.29706636
35,0.34648618,0.3127841
36,0.29462463,0.25591594
37,0.34490985,0.29770982
38,0.24004452,0.27148783
39,0.26469657,0.29396984
40,0.21894106,0.3341952
41,0.33449498,0.32256246
42,0.25836757,0.274981
43,0.3090449,0.25251845
44,0.30963182,0.27188528
45,0.21868734,0.26612523
46,0.21201766,0.25693387
47,0.34390813,0.19543046
48,0.27030596,0.28923622
49,0.2866229,0.24468729
50,0.23763233,0.27095845
51,0.28994825,0.24648541
52,0.27579114,0.22680539
53,0.30340582,0.28177685
54,0.24205826,0.26650825
55,0.248473,0.2356098
56,0.31179798,0.22979878
57,0.25490054,0.23952048
58,0.20909753,0.16803114
59,0.30875888,0.26768658
60,0.30392724,0.21242458
61,0.32228583,0.22862586
62,0.3379711,0.23754334
63,0.21456575,0.29278803
64,0.25568333,0.19030376
65,0.26631588,0.21861653
66,0.3327848,0.24804641
67,0.18505697,0.22229508
68,0.29133925,0.33253005
69,0.29214942,0.14402527
70,0.29465598,0.25279403
71,0.19346449,0.19976746
72,0.22028255,0.29412323
73,0.4291818,0.19860734
74,0.39090115,0.31090298
75,0.19477354,0.25381863
76,0.30399773,0.28519383
77,0.22776969,0.21545158
78,0.20380548,0.19626237
79,0.22989579,0.24167229
80,0.3413951,0.2917898
81,0.24460725,0.29234043
82,0.39362535,0.2662903
83,0.23532188,0.29056254
84,0.40938076,0.30055314
85,0.30364668,0.21309519
86,0.31079057,0.17479318
87,0.29244363,0.27668604
88,0.26185253,0.23604627
89,0.194318,0.29433444
90,0.2507607,0.24540192
91,0.2655714,0.272979
92,0.1735798,0.26610678
93,0.22101477,0.27922645
94,0.4126624,0.24503145
95,0.3465949,0.18732879
96,0.28970006,0.3081469
97,0.25375488,0.30296856
98,0.26244804,0.21332571
99,0.221427,0.21828881
100,0.29816633,0.27888095
101,0.22774367,0.21067838
102,0.2721327,0.2509837
103,0.23617567,0.15579766
104,0.22123267,0.25824857
105,0.27525827,0.2962235
106,0.31177226,0.3132592
107,0.24250463,0.29200447
108,0.41570118,0.21604279
109,0.27506474,0.23200034
110,0.18872327,0.27937028
111,0.24497804,0.21226206
112,0.25958085,0.28017902
113,0.2841919,0.12680279
114,0.27286384,0.20149788
115,0.22017467,0.19316195
116,0.2877101,0.23601784
117,0.29822806,0.27446288
118,0.2708868,0.2136241
119,0.2889475,0.2180827
120,0.46156067,0.25997114
121,0.3256452,0.30842504
122,0.3628933,0.26420534
123,0.2790244,0.26435503
124,0.36161762,0.28981304
125,0.3036394,0.22814983
126,0.2550941,0.24776788
127,0.230989,0.20928806
128,0.27012777,0.17289661
129,0.27742326,0.20547138
130,0.34443608,0.31132302
131,0.22535616,0.25814268
132,0.22301729,0.30536568
133,0.34547552,0.2762652
134,0.24807768,0.23047908
135,0.23519789,0.23019534
136,0.34860983,0.21428613
137,0.3544031,0.25851786
138,0.25060916,0.22312957
139,0.34530568,0.20326966
140,0.21540435,0.19959159
141,0.30121407,0.2525726
142,0.23971657,0.2764958
143,0.2897672,0.2676313
144,0.344655,0.3030354
145,0.2209656,0.23825157
146,0.34223747,0.23044127
147,0.32314208,0.31027427
148,0.22436576,0.19550046
149,0.34350908,0.2964028
150,0.30932713,0.20829168
151,0.32272032,0.26183084
152,0.28729188,0.258572
153,0.2689543,0.24048859
154,0.24779172,0.24855325
155,0.36307797,0.2614725
156,0.20099372,0.16615613
157,0.3516841,0.2918279
158,0.27820826,0.22873966
159,0.36016995,0.26129144
160,0.23253302,0.27275583
161,0.31181046,0.2458513
162,0.28090733,0.31722036
163,0.2950325,0.29552758
164,0.26137257,0.20241408
165,0.25711584,0.2605794
166,0.2996513,0.22317873
167,0.2252237,0.19214348
168,0.30285218,0.3122163
169,0.31989276,0.17818116
170,0.25796106,0.3102952
171,0.3056136,0.29266974
172,0.26794788,0.23457949
173,0.3137344,0.23554441
174,0.38547224,0.24434015
175,0.36279255,0.28022033
176,0.26737598,0.23474126
177,0.35957378,0.2377116
178,0.18632993,0.24627326
179,0.25304213,0.22432038
180,0.28498238,0.12860365
181,0.2506355,0.32344726
182,0.30623388,0.27675968
183,0.24952783,0.254337
184,0.36755198,0.29264563
185,0.26696616,0.24190503
186,0.22953367,0.2574833
187,0.25589114,0.22418801
188,0.42796293,0.26800835
189,0.23820065,0.28707454
190,0.32349446,0.17993708
191,0.35930485,0.2322229
192,0.27185273,0.1534488
193,0.23765987,0.1932378
194,0.32720545,0.20642065
195,0.1912304,0.24235982
196,0.1992701,0.17669174
197,0.27983257,0.2059023
198,0.36123204,0.24109149
199,0.31474134,0.27026692
200,0.24127714,0.28865066
201,0.2510004,0.2504418
202,0.2988589,0.28306264
203,0.40857884,0.26123127
204,0.36967438,0.32621834
205,0.44594723,0.28855228
206,0.30120754,0.2614521
207,0.22754544,0.24769926
208,0.46014017,0.27536365
209,0.18471618,0.20024502
210,0.26609668,0.20357855
211,0.24690858,0.19896753
212,0.22375832,0.29474643
213,0.24906331,0.28545603
214,0.2868221,0.22563101
215,0.22811037,0.21158099
216,0.30794296,0.28292584
217,0.25424227,0.22596084
218,0.35412657,0.2500082
219,0.27684882,0.16299225
220,0.23541825,0.18527552
221,0.30830622,0.33139348
222,0.26420507,0.16345766
223,0.2637893,0.28981373
224,0.23398845,0.2969877
225,0.19924422,0.27995583
226,0.2691354,0.2543914
227,0.22369643,0.26479602
228,0.27888724,0.16594335
229,0.38016,0.2287556
230,0.3293424,0.288925
231,0.26948187,0.261886
232,0.34439078,0.29841113
233,0.3076917,0.13741162
234,0.31346506,0.22232218
235,0.27377787,0.2546191
236,0.22570136,0.29755497
237,0.34748542,0.2761229
238,0.3676351,0.12751889
239,0.22315523,0.23007189
240,0.2220216,0.24043812
241,0.20993377,0.24177602
242,0.25690138,0.22217897
243,0.37095878,0.24374291
244,0.299164,0.20578876
245,0.27285603,0.1963144
246,0.29973987,0.2174596
247,0.31233212,0.32867354
248,0.22812238,0.21668647
249,0.34072068,0.24377128
250,0.292252,0.28220195
251,0.2109695,0.21593714
252,0.3294448,0.21691473
253,0.3787804,0.24087965
254,0.28808492,0.26458442
255,0.24526033,0.21011466
256,0.27991396,0.2923955
257,0.3051841,0.25128767
258,0.28857136,0.23888953
259,0.32210508,0.20814174
260,0.28340775,0.30772787
261,0.24564308,0.21530972
262,0.32179248,0.28645733
263,0.33942008,0.23124896
264,0.39641428,0.29076552
265,0.34202436,0.23334022
266,0.21684672,0.27327907
267,0.2632056,0.24756809
268,0.2605311,0.2442695
269,0.3011396,0.23416851
270,0.37842438,0.27124643
271,0.24834737,0.19979356
272,0.26579627,0.30871728
273,0.41151717,0.26395363
274,0.339196,0.25136387
275,0.2179481,0.28477648
276,0.29638678,0.28437862
277,0.32008046,0.23999652
278,0.26751816,0.2832659
279,0.33782065,0.22273825
280,0.25842947,0.25989687
281,0.25193006,0.28151122
282,0.23316799,0.1985323
283,0.19938996,0.27459896
284,0.5419187,0.25397786
285,0.3334249,0.21375328
286,0.33322042,0.2746664
287,0.29491147,0.12741248
288,0.2817559,0.24047935
289,0.28674585,0.24140574
290,0.25945184,0.23114038
291,0.33264595,0.24765791
292,0.29429176,0.2328686
293,0.3226794,0.24320982
294,0.34855646,0.12067437
295,0.3810717,0.25386906
296,0.3190622,0.24679904
297,0.3444059,0.29195789
298,0.29751465,0.25456196
299,0.36914214,0.29639357
300,0.3106687,0.2564823
301,0.31069735,0.27668175
302,0.23370741,0.2966955
303,0.32516626,0.22561392
304,0.30172303,0.2520144
305,0.24583437,0.19055648
306,0.10073876,0.23337463
307,0.33834627,0.23847292
308,0.29941088,0.3170275
309,0.20133598,0.33567497
310,0.2977584,0.2348593
311,0.26092333,0.2519441
312,0.36665356,0.26358828
313,0.21215488,0.28428218
314,0.29332197,0.23360133
315,0.26915824,0.27274367
316,0.3359969,0.26028618
317,0.27436164,0.24588034
318,0.2637598,0.22227831
319,0.25883803,0.2845777
320,0.26468766,0.15850408
321,0.33327132,0.3039626
322,0.35415024,0.2945312
323,0.26713035,0.2081226
324,0.37754968,0.30549124
325,0.24577913,0.2345629
326,0.32421362,0.29251167
327,0.2646341,0.27367246
328,0.28476503,0.2544017
329,0.3548612,0.35800433
330,0.3862015,0.28624108
331,0.23363857,0.2441572
332,0.2475879,0.22690873
333,0.2949369,0.33551395
334,0.19517054,0.3224961
335,0.2776767,0.23828132
336,0.2654849,0.2668523
337,0.32348034,0.28742433
338,0.28052256,0.27961963
339,0.4060049,0.2863826
340,0.19734,0.26028642
341,0.34144613,0.28638762
342,0.19708286,0.25694814
343,0.4360714,0.3004795
344,0.25053966,0.1562104
345,0.24442558,0.26610544
346,0.31961697,0.2991313
347,0.23352146,0.2517442
348,0.21551575,0.26526687
349,0.36989844,0.2579011
350,0.24482463,0.31168705
351,0.40777472,0.24619272
352,0.3408099,0.1638728
353,0.3030911,0.23924151
354,0.29189616,0.28152433
355,0.26713583,0.31073242
356,0.39424857,0.21518405
357,0.27367738,0.27471742
358,0.24058798,0.23786105
359,0.28619295,0.26076263
360,0.31545788,0.2799735
361,0.17954168,0.28987834
362,0.45080456,0.25752315
363,0.19916691,0.23409934
364,0.3889553,0.22522117
365,0.22994605,0.26958865
366,0.22497657,0.27212656
367,0.32513326,0.22722054
368,0.30755186,0.19981891
369,0.24624063,0.24505621
370,0.3300413,0.20285568
371,0.18664967,0.19643234
372,0.25910383,0.28801066
373,0.3333421,0.2769745
374,0.43585408,0.27983013
375,0.18916403,0.31600636
376,0.2510923,0.1989464
377,0.31943977,0.23602043
378,0.36889565,0.2719899
379,0.35434356,0.27555606
380,0.26284742,0.24229199
381,0.27433023,0.25981328
382,0.23995821,0.1963512
383,0.37440276,0.30569938
384,0.26080844,0.21977599
385,0.26670808,0.1579073
386,0.3673487,0.24339448
387,0.3415936,0.21832752
388,0.28495204,0.2989714
389,0.32687882,0.15423572
390,0.27166215,0.25483054
391,0.29253635,0.22413036
392,0.28346688,0.2669636
393,0.29195333,0.26932272
394,0.3547995,0.33661744
395,0.33859763,0.2534973
396,0.22263631,0.2025323
397,0.3072442,0.20652838
398,0.23547705,0.24182576
399,0.26383334,0.22296183
400,0.31004128,0.21017681
401,0.29704788,0.22261532
402,0.24531409,0.22059716
403,0.2330576,0.24301736
404,0.3680092,0.24139242
405,0.18457393,0.30069938
406,0.29113877,0.24710213
407,0.37869376,0.27757752
408,0.24042909,0.23897326
409,0.3523645,0.2763633
410,0.3882681,0.20171025
411,0.25592446,0.22919007
412,0.27923578,0.28514966
413,0.31569603,0.21793407
414,0.27189142,0.25404498
415,0.31214306,0.2757099
416,0.26359224,0.2938835
417,0.30399308,0.25426942
418,0.21587121,0.26539078
419,0.22074693,0.2442177
420,0.26411602,0.24370758
421,0.40321538,0.18700887
422,0.35850406,0.24805403
423,0.2635624,0.22182053
424,0.18318383,0.24840623
425,0.38455626,0.21997637
426,0.26793227,0.32767144
427,0.34833843,0.2256062
428,0.2151063,0.24100167
429,0.21419235,0.2720082
430,0.23304091,0.3197777
431,0.289003,0.2301186
432,0.38958412,0.269588
433,0.29897165,0.22838323
434,0.29304573,0.25901344
435,0.23945321,0.20949316
436,0.32192427,0.21967591
437,0.29917952,0.256127
438,0.2430513,0.2860903
439,0.24937108,0.22693905
440,0.2208766,0.1898836
441,0.27043784,0.21474954
442,0.28930134,0.284276
443,0.25750342,0.28010052
444,0.211209,0.21913788
445,0.32370177,0.19016677
446,0.2625161,0.22934097
447,0.34773463,0.2339791
448,0.28684348,0.2796999
449,0.3042079,0.2676783
450,0.30208862,0.24152292
451,0.34147695,0.2595407
452,0.29703125,0.21975204
453,0.24472447,0.2934665
454,0.28508356,0.26012132
455,0.3370702,0.21387762
456,0.2979707,0.21706463
457,0.26638553,0.16218096
458,0.2920161,0.25222966
459,0.3479725,0.26267686
460,0.2903551,0.16370045
461,0.28815928,0.26076904
462,0.19399954,0.24816898
463,0.3686269,0.34974256
464,0.28824443,0.26820466
465,0.31785792,0.24058825
466,0.26167324,0.2956708
467,0.27531713,0.18361488
468,0.2902631,0.25564384
469,0.23135765,0.23232621
470,0.36829552,0.24244837
471,0.34889412,0.2832184
472,0.24917668,0.26601458
473,0.3306209,0.2803985
474,0.219874,0.27395433
475,0.3067568,0.26048973
476,0.3434277,0.26708552
477,0.40463924,0.30939513
478,0.22875318,0.20421481
479,0.25474942,0.19994983
480,0.30335945,0.26987082
481,0.27097568,0.19704649
482,0.26838657,0.26634076
483,0.21864897,0.24840714
484,0.31205648,0.20007557
485,0.43546838,0.2566467
486,0.36352655,0.2475741
487,0.2675786,0.1917747
488,0.3485142,0.24082702
489,0.3408863,0.27263537
490,0.2699368,0.27840218
491,0.33374482,0.2437959
492,0.19880721,0.30375418
493,0.21984789,0.18653618
494,0.2996373,0.22148995
495,0.32795683,0.28359887
496,0.3296555,0.36955044
497,0.36640516,0.2411883
498,0.3469973,0.21906392
499,0.33074486,0.23650117
500,0.31814146,0.21518253
501,0.1937284,0.1702976
502,0.29330984,0.265425
503,0.10968015,0.25218868
504,0.5016654,0.25138143
505,0.3172451,0.26521602
506,0.32187146,0.28631267
507,0.310665,0.25706595
508,0.30711073,0.25471538
509,0.20597297,0.23896226
510,0.41105038,0.23995757
511,0.4120484,0.23939568
512,0.23980966,0.2777896
513,0.23285958,0.26648745
514,0.22749491,0.30288145
515,0.34725574,0.24739677
516,0.22494586,0.21773954
517,0.39033827,0.24007805
518,0.26572463,0.31073347
519,0.33411765,0.25441614
520,0.37111267,0.2835343
521,0.30292237,0.24159326
522,0.23482741,0.20083095
523,0.20203313,0.18367298
524,0.3010709,0.26696596
525,0.318153,0.2903668
526,0.21413963,0.27236277
527,0.23257113,0.23234771
528,0.39348176,0.2358446
529,0.22068992,0.22835048
530,0.27429742,0.34003115
531,0.29479143,0.2684511
532,0.31893998,0.3376835
533,0.2954504,0.25569135
534,0.2821106,0.2549842
535,0.39406082,0.2491259
536,0.2062548,0.30353808
537,0.36169922,0.25414705
538,0.29893768,0.25071788
539,0.27316973,0.2810293
540,0.25576004,0.22664441
541,0.34728956,0.29837507
542,0.21912816,0.3169545
543,0.308735,0.19313562
544,0.24545635,0.22742216
545,0.27373478,0.2698626
546,0.3502975,0.26099083
547,0.37651226,0.25245944
548,0.29284996,0.23586172
549,0.31901637,0.14420225
550,0.26919612,0.23135446
551,0.40338728,0.26573795
552,0.3208939,0.23591201
553,0.297987,0.23868339
554,0.27385435,0.26489648
555,0.20337054,0.28906018
556,0.28223714,0.2842674
557,0.3212872,0.24341762
558,0.24249902,0.27762902
559,0.36710358,0.2554097
560,0.3076144,0.25886258
561,0.31352264,0.30457413
562,0.37629545,0.2829763
563,0.22405738,0.25064713
564,0.2503058,0.29494545
565,0.29495192,0.25198138
566,0.32327548,0.18166518
567,0.33909515,0.26270303
568,0.30730534,0.3565709
569,0.2890252,0.23315562
570,0.2868183,0.21927065
571,0.30194542,0.2949037
572,0.21821469,0.29349217
573,0.3154383,0.3090327
574,0.2616474,0.28563222
575,0.34276333,0.28070778
576,0.44825336,0.3112202
577,0.27424374,0.24395305
578,0.35721165,0.21437761
579,0.3638044,0.25979513
580,0.25582904,0.2933923
581,0.20178871,0.31366003
582,0.23202421,0.24968323
583,0.35796142,0.20469181
584,0.3735093,0.24765602
585,0.36699593,0.23380609
586,0.18957779,0.23965691
587,0.28579852,0.24573718
588,0.38581073,0.16455896
589,0.41875076,0.2472631
590,0.44395193,0.24272044
591,0.2972569,0.22803919
592,0.2501552,0.30042234
593,0.3882199,0.26213962
594,0.36625528,0.27915946
595,0.26276326,0.23120384
596,0.30479392,0.28000215
597,0.3144233,0.22854976
598,0.32052955,0.21303512
599,0.18150866,0.25928557
600,0.2753198,0.2766283
601,0.2991317,0.25217247
602,0.32365274,0.29357785
603,0.37279868,0.21924959
604,0.40519005,0.28097337
605,0.27930972,0.28263822
606,0.29599816,0.2110258
607,0.25997555,0.22510058
608,0.363069,0.22240613
609,0.26800764,0.23289122
610,0.2646167,0.24917702
611,0.35459822,0.2776937
612,0.41419393,0.23760365
613,0.37235788,0.28827938
614,0.33744276,0.21327315
615,0.30558944,0.21167311
616,0.21683097,0.27622995
617,0.31974155,0.21543883
618,0.33093035,0.30729142
619,0.37199438,0.22648911
620,0.30318928,0.18586366
621,0.21779566,0.21580213
622,0.39480364,0.28646743
623,0.2041047,0.2799096
624,0.3348133,0.2485936
625,0.31922328,0.24501097
626,0.2360218,0.17862566
627,0.25630993,0.25744414
628,0.28628677,0.26256433
629,0.1899191,0.23177266
630,0.23966955,0.19837683
631,0.34118462,0.19033763
632,0.24794209,0.19298142
633,0.31119913,0.27236742
634,0.3499972,0.23464929
635,0.31312776,0.23589982
636,0.37008157,0.2599865
637,0.28167656,0.21279243
638,0.39886534,0.29800424
639,0.32023895,0.2817305
640,0.2485585,0.11368762
641,0.3289661,0.29628852
642,0.29767916,0.26452234
643,0.26241574,0.28288078
644,0.22031009,0.20023164
645,0.46848953,0.24612297
646,0.21890599,0.22074214
647,0.4246985,0.2251869
648,0.24318764,0.33462626
649,0.4226945,0.24411565
650,0.23961723,0.25711405
651,0.35168254,0.22498722
652,0.2624705,0.18278168
653,0.34698588,0.2553927
654,0.4261468,0.18942097
655,0.25840664,0.30158183
656,0.2937006,0.25978696
657,0.27730116,0.27353957
658,0.30468234,0.27729085
659,0.2514883,0.24723664
660,0.37857705,0.30332786
661,0.20492467,0.28565833
662,0.21626996,0.31732526
663,0.21718614,0.28248808
664,0.20132424,0.20522363
665,0.32953086,0.28857875
666,0.21147446,0.19574942
667,0.16010651,0.24903
668,0.23514736,0.24991454
669,0.3672088,0.27284348
670,0.29637292,0.14123975
671,0.37089884,0.25007161
672,0.27525285,0.3105773
673,0.36476257,0.23062737
674,0.24872129,0.31642005
675,0.32055464,0.24790363
676,0.3155725,0.1587777
677,0.25672203,0.25309858
678,0.25541323,0.2997282
679,0.25959086,0.2631603
680,0.3881202,0.27145463
681,0.2864846,0.17617486
682,0.2888379,0.23615621
683,0.44916078,0.26096103
684,0.30876124,0.2520447
685,0.210658,0.27138895
686,0.26189122,0.21857145
687,0.31554684,0.17055532
688,0.21697688,0.32966968
689,0.24930194,0.20853831
690,0.30489343,0.28786838
691,0.22965,0.19646662
692,0.37150207,0.24720901
693,0.34864226,0.23234637
694,0.3885344,0.200195
695,0.31892753,0.26613793
696,0.3496953,0.2237013
697,0.31526107,0.2455132
698,0.28289422,0.25094017
699,0.35175237,0.26657853
700,0.34789115,0.21737781
701,0.36001566,0.27383557
702,0.30031765,0.26174608
703,0.31894168,0.17801118
704,0.297347,0.20089398
705,0.36112222,0.3349815
706,0.31663623,0.24303493
707,0.30495474,0.16536203
708,0.36773118,0.19969489
709,0.1876198,0.23731396
710,0.21309425,0.222696
711,0.32684392,0.28445855
712,0.3066619,0.23462918
713,0.32125536,0.2372772
714,0.25806975,0.23698285
715,0.27031666,0.30363464
716,0.27296302,0.15856664
717,0.248538,0.22811377
718,0.2580707,0.21860658
719,0.49548396,0.24329951
720,0.2806587,0.27543783
721,0.26774102,0.23420003
722,0.30523154,0.22324286
723,0.27123046,0.21495013
724,0.294747,0.25417128
725,0.242194,0.26205623
726,0.3642072,0.27487132
727,0.23704602,0.28702426
728,0.4159616,0.2779078
729,0.2698332,0.2538948
730,0.20249358,0.22720385
731,0.3292821,0.17995468
732,0.24558839,0.32281008
733,0.27730283,0.19998504
734,0.22140148,0.25711784
735,0.29680264,0.28252324
736,0.2925604,0.27774426
737,0.27013847,0.23337673
738,0.22120109,0.19665076
739,0.30720687,0.17948903
740,0.37582058,0.26738665
741,0.31169567,0.3053636
742,0.38230482,0.2533142
743,0.33546078,0.19803229
744,0.32349333,0.22200346
745,0.31143123,0.27699396
746,0.20935602,0.24454634
747,0.37118587,0.26734656
748,0.2441231,0.18407337
749,0.4081185,0.26275086
750,0.19369708,0.26707864
751,0.28843352,0.2031116
752,0.3400995,0.23583722
753,0.27546448,0.3223767
754,0.28748897,0.27994063
755,0.28698853,0.28805053
756,0.26532376,0.22408079
757,0.39085957,0.2523167
758,0.4027857,0.23904566
759,0.34822848,0.23025157
760,0.23227848,0.31966713
761,0.24200882,0.22657377
762,0.31679046,0.27259892
763,0.25128645,0.23596969
764,0.2736379,0.28243756
765,0.19808102,0.24977234
766,0.32401124,0.26525438
767,0.35203236,0.22890677
768,0.22644044,0.2568792
769,0.30125135,0.32875732
770,0.258625,0.22211155
771,0.34227163,0.2128977
772,0.1843502,0.2508713
773,0.2026041,0.28105563
774,0.34360838,0.24969523
775,0.22364295,0.28271112
776,0.34473237,0.2346686
777,0.2744193,0.26162902
778,0.27934957,0.26884812
779,0.23784873,0.2748649
780,0.31184313,0.24698325
781,0.38487864,0.28395417
782,0.3008435,0.20272589
783,0.37158817,0.2720134
784,0.23839173,0.2407017
785,0.4275915,0.2726202
786,0.3600537,0.24313484
787,0.26996025,0.25278607
788,0.20652598,0.29188818
789,0.36000085,0.18870947
790,0.25335115,0.26761043
791,0.29300073,0.25809568
792,0.30611768,0.3371762
793,0.40718797,0.20469886
794,0.25519565,0.2708014
795,0.2920958,0.27296165
796,0.30864903,0.22195554
797,0.2883058,0.14869902
798,0.27393058,0.2012173
799,0.21084729,0.28391716
800,0.37248614,0.24131627
801,0.2603335,0.2263569
802,0.35411218,0.2792148
803,0.3056169,0.32441238
804,0.21191873,0.21002306
805,0.28421074,0.24310257
806,0.21467343,0.31175554
807,0.27783775,0.24176498
808,0.28497776,0.2345142
809,0.23291445,0.2331609
810,0.43216968,0.3051989
811,0.2523364,0.27400744
812,0.35473973,0.21615084
813,0.32896984,0.27954248
814,0.22922939,0.2087483
815,0.22075637,0.2029909
816,0.24347001,0.26235953
817,0.2112292,0.27701077
818,0.29631785,0.19527803
819,0.2802729,0.21165137
820,0.3010369,0.22235693
821,0.21143438,0.32397246
822,0.24812454,0.26181337
823,0.27166504,0.24077299
824,0.31333667,0.3213456
825,0.3263235,0.25679526
826,0.31548852,0.25475988
827,0.18908368,0.2633275
828,0.36456072,0.21156155
829,0.3644176,0.24435176
830,0.32298607,0.25229686
831,0.32935774,0.2736838
832,0.32516232,0.298957
833,0.24012704,0.24401478
834,0.22883698,0.2548709
835,0.2861736,0.16462466
836,0.2758448,0.27856964
837,0.23371626,0.30267534
838,0.31400043,0.291956
839,0.23433162,0.28025496
840,0.33284998,0.25034803
841,0.25518167,0.3404088
842,0.37458587,0.21052508
843,0.31055325,0.2434811
844,0.3388398,0.22525415
845,0.33731985,0.31326574
846,0.3023284,0.19008276
847,0.29213917,0.33554482
848,0.29861408,0.17717367
849,0.28910416,0.26163334
850,0.38557926,0.24599142
851,0.19883801,0.25303632
852,0.2663055,0.31946328
853,0.2864927,0.31779358
854,0.28598708,0.2788678
855,0.24972418,0.25271297
856,0.3372879,0.2767721
857,0.32204306,0.21976542
858,0.1915488,0.23697843
859,0.2986407,0.24971695
860,0.34356442,0.25144055
861,0.40825546,0.2953446
862,0.24575111,0.28724468
863,0.30179098,0.29334298
864,0.29939708,0.2588554
865,0.31931114,0.21235783
866,0.2591237,0.29046288
867,0.30521083,0.26889887
868,0.24419913,0.2842046
869,0.35802916,0.27003947
870,0.24462362,0.23910893
871,0.3150073,0.25975552
872,0.3097969,0.27413324
873,0.3526672,0.26338005
874,0.20423059,0.24372593
875,0.35089952,0.25377467
876,0.28614405,0.2470119
877,0.33711135,0.25231206
878,0.38641745,0.236629
879,0.26838326,0.2685061
880,0.25270963,0.26104045
881,0.23019624,0.21787839
882,0.2986478,0.25630248
883,0.2199749,0.2380399
884,0.32756987,0.2568681
885,0.35647416,0.2116882
886,0.23363274,0.21743067
887,0.20083025,0.23593256
888,0.40214548,0.22536348
889,0.29347605,0.27361503
890,0.22332762,0.28960735
891,0.2405922,0.28182223
892,0.22145286,0.24564342
893,0.29031774,0.28934276
894,0.35162833,0.22048508
895,0.26082104,0.25106168
896,0.27693978,0.21876188
897,0.3210015,0.18673463
898,0.30025017,0.21507302
899,0.28762293,0.22792704
900,0.27795112,0.118556224
901,0.25313556,0.26336208
902,0.2553164,0.22155957
903,0.31168535,0.2700226
904,0.2940537,0.2618057
905,0.23568851,0.30103743
906,0.27046943,0.22919437
907,0.39693105,0.2318001
908,0.27628794,0.25444707
909,0.20780416,0.19952112
910,0.33893645,0.22697341
911,0.2755325,0.2735303
912,0.34297946,0.21974899
913,0.3559175,0.2646986
914,0.26141593,0.23065658
915,0.25239167,0.21953803
916,0.27771932,0.2044231
917,0.4565128,0.21904308
918,0.30275154,0.2442568
919,0.4698298,0.2808607
920,0.2590237,0.22161962
921,0.32291287,0.22663854
922,0.3307153,0.24491985
923,0.20745738,0.16202576
924,0.41317058,0.19266707
925,0.21749231,0.24200837
926,0.35771894,0.26786596
927,0.40524653,0.2790663
928,0.23944035,0.20244348
929,0.24930337,0.24679467
930,0.19211327,0.24127668
931,0.21701363,0.20227648
932,0.28598398,0.26108247
933,0.3319344,0.23041435
934,0.30039805,0.21649048
935,0.2333377,0.27613822
936,0.3789678,0.22592808
937,0.28500277,0.17892523
938,0.23340489,0.22732174
939,0.23343736,0.26600665
940,0.27138403,0.25929865
941,0.30351752,0.25334287
942,0.27206197,0.27406043
943,0.33451912,0.22202569
944,0.30215105,0.31881657
945,0.20133615,0.311601
946,0.27827892,0.27503958
947,0.2698092,0.30186704
948,0.22414725,0.277042
949,0.24066177,0.26776373
950,0.31166497,0.2948387
951,0.23453112,0.23963769
952,0.20091861,0.3212705
953,0.2770104,0.25245255
954,0.28247747,0.24626051
955,0.29799426,0.23582739
956,0.31679937,0.18781549
957,0.2822625,0.18320401
958,0.23014805,0.22148262
959,0.2793446,0.32167658
960,0.2964921,0.2639623
961,0.31094903,0.19412209
962,0.2917246,0.26376423
963,0.2761556,0.24194017
964,0.29960948,0.22753257
965,0.2687235,0.29031435
966,0.27917853,0.28628713
967,0.40321594,0.22824684
968,0.2576746,0.26738852
969,0.2582313,0.3100508
970,0.22300428,0.2747121
971,0.27180874,0.25637215
972,0.17799781,0.16110319
973,0.22703683,0.21204442
974,0.18889561,0.28828192
975,0.3005561,0.12155045
976,0.32205594,0.2543458
977,0.23094857,0.23112637
978,0.29671642,0.25761002
979,0.35302812,0.2525498
980,0.18675213,0.20671895
981,0.21808854,0.25775164
982,0.33487472,0.30488864
983,0.2750245,0.28525072
984,0.3206375,0.13624768
985,0.28398842,0.22900015
986,0.36940223,0.18735366
987,0.31332913,0.300412
988,0.29578283,0.21021524
989,0.2938251,0.21660362
990,0.27440032,0.34099934
991,0.33212778,0.16490611
992,0.35291186,0.22049214
993,0.3118239,0.35697746
994,0.23818853,0.20858385
995,0.26510245,0.26571983
996,0.22146553,0.26757434
997,0.3112092,0.26569656
998,0.3271646,0.23781809
999,0.29657403,0.25694907
1000,0.27642274,0.26561263
1001,0.275665,0.27659917
1002,0.30968353,0.25106236
1003,0.22793308,0.23875104
1004,0.26027513,0.24494968
1005,0.2031885,0.23763822
1006,0.19123457,0.25099605
1007,0.33056286,0.29728356
1008,0.36318976,0.2441371
1009,0.28916347,0.26966935
1010,0.31753436,0.24056895
1011,0.33892375,0.2149835
1012,0.34476668,0.2113597
1013,0.25328228,0.32587492
1014,0.4076022,0.27230743
1015,0.3686873,0.24226172
1016,0.32936108,0.28564295
1017,0.3748177,0.23340103
1018,0.28377217,0.19321325
1019,0.18193069,0.27073836
1020,0.34713805,0.23759823
1021,0.34207714,0.2456935
1022,0.40015572,0.21395808
1023,0.2997775,0.22680154
1024,0.32671615,0.2714339
1025,0.271596,0.20597214
1026,0.28783706,0.25301266
1027,0.33360288,0.19502671
1028,0.28827265,0.23498864
1029,0.2513139,0.23356432
1030,0.41454205,0.35068408
1031,0.26554146,0.21388772
1032,0.29237968,0.28197047
1033,0.35364103,0.2984154
1034,0.30231762,0.21856467
1035,0.26732847,0.24268736
1036,0.18317755,0.26171872
1037,0.33539557,0.23442318
1038,0.27113634,0.29339367
1039,0.25651258,0.28272092
1040,0.27797294,0.26716477
1041,0.2532681,0.290835
1042,0.3225123,0.27572498
1043,0.29147577,0.28255716
1044,0.4504505,0.26937944
1045,0.2629389,0.31429362
1046,0.28853258,0.23602636
1047,0.2834912,0.25030634
1048,0.3833702,0.20954986
1049,0.24132888,0.2263874
1050,0.33100602,0.22470383
1051,0.24536857,0.27368346
1052,0.22773264,0.23952824
1053,0.3248677,0.23918824
1054,0.31359974,0.20304003
1055,0.28982517,0.23778811
1056,0.2259835,0.2583975
1057,0.32245976,0.22008443
1058,0.29000908,0.277852
1059,0.34161687,0.32084793
1060,0.2731144,0.2311131
1061,0.3297184,0.3031238
1062,0.3592404,0.19323064
1063,0.254302,0.2582719
1064,0.37397978,0.1928539
1065,0.22474502,0.30151856
1066,0.5006031,0.21666293
1067,0.30823097,0.2615566
1068,0.27108517,0.23426509
1069,0.26474282,0.18112904
1070,0.3322372,0.25732428
1071,0.44157404,0.23206289
1072,0.25354913,0.25753248
1073,0.24934979,0.16440532
1074,0.25065187,0.34731767
1075,0.26303506,0.24184702
1076,0.27328467,0.2713209
1077,0.24090402,0.16426152
1078,0.31425366,0.2477593
1079,0.4062084,0.21429777
1080,0.37713614,0.2532745
1081,0.44213092,0.23981619
1082,0.35564536,0.2457258
1083,0.32122597,0.23026474
1084,0.33458242,0.27885014
1085,0.3370258,0.30050915
1086,0.22776733,0.24614574
1087,0.32842225,0.28475216
1088,0.23290233,0.24041447
1089,0.3218507,0.27534613
1090,0.2615714,0.27146098
1091,0.38483593,0.288195
1092,0.36753833,0.2437789
1093,0.3590274,0.21635006
1094,0.30448872,0.22775164
1095,0.33402422,0.31471378
1096,0.27986312,0.16991773
1097,0.19882642,0.26779595
1098,0.3288385,0.24396849
1099,0.19958086,0.25957927
1100,0.22820495,0.28398946
1101,0.3629853,0.3046903
1102,0.25344446,0.23353171
1103,0.22439362,0.22999255
1104,0.24236916,0.2604746
1105,0.28705424,0.18834157
1106,0.35593855,0.25344115
1107,0.26782522,0.2707188
1108,0.41273895,0.30047235
1109,0.25422114,0.2778232
1110,0.28791124,0.3330882
1111,0.29155535,0.3322185
1112,0.29141805,0.264783
1113,0.25818053,0.24795344
1114,0.32806423,0.2681017
1115,0.34587583,0.21186957
1116,0.40050292,0.21489798
1117,0.35021785,0.19317032
1118,0.36348942,0.19049595
1119,0.2752457,0.26117483
1120,0.37598634,0.29207975
1121,0.34641013,0.30005413
1122,0.27273646,0.25378135
1123,0.31304535,0.20594838
1124,0.37628216,0.22423959
1125,0.2390175,0.29902005
1126,0.21772939,0.24385965
1127,0.19829509,0.28857717
1128,0.42047358,0.24672922
1129,0.30063006,0.281464
1130,0.32204852,0.26861325
1131,0.29599932,0.25593746
1132,0.27838185,0.26586354
1133,0.38409695,0.21857953
1134,0.3130261,0.2566789
1135,0.3138817,0.2777181
1136,0.21342385,0.30715674
1137,0.287281,0.1936448
1138,0.3277616,0.2587248
1139,0.295728,0.2600182
1140,0.3041662,0.24267456
1141,0.32471487,0.17801848
1142,0.2970738,0.2129602
1143,0.3256449,0.3049886
1144,0.23770663,0.30399555
1145,0.22554415,0.22473091
1146,0.29626498,0.18567556
1147,0.39147344,0.19962305
1148,0.31513962,0.18943863
1149,0.25720736,0.2541005
1150,0.22073106,0.22910415
1151,0.38356104,0.2454047
1152,0.3991391,0.24480544
1153,0.34459868,0.2568142
1154,0.25561333,0.2305845
1155,0.23044252,0.2713129
1156,0.22344926,0.24833018
1157,0.24044794,0.33823356
1158,0.38181278,0.30397633
1159,0.33068258,0.30139998
1160,0.33392218,0.25775218
1161,0.32671311,0.2680771
1162,0.30212003,0.24596882
1163,0.28071877,0.25891832
1164,0.25293812,0.26766232
1165,0.23528036,0.17799276
1166,0.18266837,0.31502697
1167,0.31288168,0.27550945
1168,0.36021006,0.24171464
1169,0.32909155,0.20803663
1170,0.2650366,0.1999648
1171,0.20579025,0.1986616
1172,0.2714305,0.2761877
1173,0.3160977,0.27772492
1174,0.34469047,0.2654545
1175,0.32260275,0.27107546
1176,0.2898686,0.14509432
1177,0.3335653,0.24586141
1178,0.31969282,0.25261164
1179,0.30959362,0.21588467
1180,0.31448925,0.2037734
1181,0.24671927,0.2841803
1182,0.2800565,0.27058035
1183,0.35016868,0.26086795
1184,0.26775715,0.31260228
1185,0.2561159,0.2830386
1186,0.2406579,0.27704325
1187,0.26201028,0.2684649
1188,0.32334837,0.25448546
1189,0.348818,0.27449337
1190,0.31877124,0.23204854
1191,0.303061,0.25017864
1192,0.27130818,0.26396117
1193,0.29647556,0.24436235
1194,0.31793925,0.25953346
1195,0.3464035,0.1773417
1196,0.2965888,0.25994575
1197,0.4235493,0.27902153
1198,0.22213478,0.27964115
1199,0.34758106,0.30907592
1200,0.33040425,0.31687722
1201,0.34953585,0.21742792
1202,0.33752033,0.33266833
1203,0.30670753,0.21118522
1204,0.25642794,0.1448586
1205,0.31321466,0.21314843
1206,0.28314358,0.311957
1207,0.39640456,0.2800459
1208,0.34206906,0.19120628
1209,0.25375566,0.21833189
1210,0.2899949,0.27056548
1211,0.30463365,0.23544735
1212,0.18471509,0.27431822
1213,0.31073567,0.21153416
1214,0.26455775,0.2689181
1215,0.20691267,0.21831505
1216,0.35187343,0.26449046
1217,0.37297943,0.24414241
1218,0.33519906,0.24527323
1219,0.44100815,0.18589006
1220,0.30013826,0.16093154
1221,0.39828247,0.32376215
1222,0.23386212,0.23180948
1223,0.23388064,0.22243987
1224,0.3125959,0.25515473
1225,0.34633094,0.24495633
1226,0.2867494,0.2534954
1227,0.25870997,0.22511409
1228,0.31371957,0.2576983
1229,0.25759014,0.29317996
1230,0.31114945,0.21744482
1231,0.22674645,0.23933882
1232,0.3218106,0.2567191
1233,0.23179556,0.17805783
1234,0.24738236,0.23414457
1235,0.2926701,0.23663728
1236,0.2915168,0.2639679
1237,0.23540945,0.29808298
1238,0.3027159,0.27222005
1239,0.31704313,0.27375838
1240,0.26821542,0.26626703
1241,0.23437715,0.2774181
1242,0.32983264,0.3148363
1243,0.20830725,0.2855176
1244,0.22458534,0.18946737
1245,0.25393742,0.18961188
1246,0.3543159,0.12556453
1247,0.23104958,0.2545321
1248,0.41225803,0.14025453
1249,0.34359768,0.22033203
1250,0.3538827,0.32492295
1251,0.20066613,0.14670373
1252,0.31314406,0.33718506
1253,0.25782326,0.25055382
1254,0.3035797,0.27207962
1255,0.36418962,0.29607308
1256,0.2849426,0.24646522
1257,0.26159576,0.3009351
1258,0.2969177,0.24887753
1259,0.27345705,0.2509543
1260,0.3329486,0.23071496
1261,0.31428954,0.20893137
1262,0.2510881,0.30665693
1263,0.24467458,0.30300418
1264,0.29052392,0.18541555
1265,0.25217327,0.27897668
1266,0.2634496,0.26390973
1267,0.30632854,0.26731303
1268,0.27617714,0.26254547
1269,0.2799324,0.2521427
1270,0.1993325,0.2272111
1271,0.25432658,0.24891451
1272,0.33204424,0.30458596
1273,0.27344343,0.2388848
1274,0.22643048,0.32728988
1275,0.1743842,0.24258828
1276,0.3674424,0.25673452
1277,0.22880404,0.14098233
1278,0.20291683,0.23642775
1279,0.34989166,0.21418314
1280,0.25401106,0.09608791
1281,0.29727,0.20127648
1282,0.16836993,0.2438526
1283,0.2556642,0.2366051
1284,0.33660203,0.23368035
1285,0.32664895,0.3467113
1286,0.24849911,0.27989814
1287,0.2817973,0.2693229
1288,0.31651556,0.19185333
1289,0.3498203,0.24690588
1290,0.2689188,0.25799432
1291,0.22145654,0.20183076
1292,0.3057226,0.258869
1293,0.26332498,0.2004187
1294,0.3277631,0.29131857
1295,0.26965183,0.25629178
1296,0.2860435,0.23391987
1297,0.22507486,0.30872783
1298,0.2504012,0.29546276
1299,0.27746,0.22369061
1300,0.29688042,0.272201
1301,0.3025998,0.2540081
1302,0.17916301,0.24981546
1303,0.2308673,0.27378264
1304,0.2808644,0.23544206
1305,0.24051699,0.23417503
1306,0.25531134,0.26407114
1307,0.3734005,0.34147888
1308,0.2717238,0.23475567
1309,0.18491474,0.24757622
1310,0.27928245,0.21975304
1311,0.24848889,0.25551063
1312,0.29400828,0.27515635
1313,0.28848082,0.17279251
1314,0.30340713,0.1862952
1315,0.32539177,0.2991495
1316,0.22978379,0.17649548
1317,0.26609743,0.1774802
1318,0.34023026,0.30287147
1319,0.20622772,0.24699572
1320,0.19359514,0.23145573
1321,0.27109775,0.2854739
1322,0.37614822,0.2750163
1323,0.23931174,0.19684471
1324,0.27761117,0.18909581
1325,0.35512358,0.21893004
1326,0.37747356,0.25249144
1327,0.2966577,0.21297197
1328,0.33708394,0.32931826
1329,0.21456227,0.27869847
1330,0.25085843,0.25602356
1331,0.1991977,0.27939802
1332,0.30095842,0.2495581
1333,0.2463286,0.30144912
1334,0.22114722,0.28905994
1335,0.2780395,0.25687408
1336,0.33514732,0.2568068
1337,0.29824397,0.3135233
1338,0.22042795,0.2286255
1339,0.2923377,0.23918894
1340,0.29532245,0.28654146
1341,0.37772855,0.24582835
1342,0.40034148,0.2920013
1343,0.22115706,0.26053846
1344,0.29254934,0.24599792
1345,0.33632323,0.315189
1346,0.24829711,0.24005146
1347,0.4009999,0.22714658
1348,0.22231783,0.2676813
1349,0.26259232,0.2570716
1350,0.29489937,0.30292064
1351,0.29766828,0.30957085
1352,0.31733564,0.24752551
1353,0.22266234,0.24033037
1354,0.32509908,0.2290629
1355,0.20437689,0.23470111
1356,0.3104475,0.2650393
1357,0.3739491,0.27875057
1358,0.19817528,0.2912297
1359,0.37493312,0.2609953
1360,0.3044477,0.27200598
1361,0.363907,0.2571466
1362,0.3216063,0.19472729
1363,0.2638676,0.26840287
1364,0.34046757,0.2511584
1365,0.2191578,0.2709478
1366,0.29767862,0.27994838
1367,0.25937197,0.28325284
1368,0.27424392,0.36581016
1369,0.2945836,0.24951203
1370,0.27619225,0.28520492
1371,0.2657786,0.16198811
1372,0.24157292,0.26954857
1373,0.31450307,0.22602879
1374,0.26961827,0.29825595
1375,0.24168782,0.17949782
1376,0.25864366,0.16455162
1377,0.32528487,0.20857719
1378,0.22188084,0.25048855
1379,0.18214205,0.2780856
1380,0.331031,0.25278673
1381,0.32295862,0.29866275
1382,0.24240188,0.26835108
1383,0.28147775,0.22461253
1384,0.27754512,0.2157572
1385,0.2838285,0.3066641
1386,0.33082736,0.2262314
1387,0.33481416,0.25864014
1388,0.20357837,0.24722026
1389,0.35273728,0.27059197
1390,0.33029234,0.35607532
1391,0.26457864,0.27098227
1392,0.281663,0.25337756
1393,0.26857266,0.22003338
1394,0.3156542,0.21123436
1395,0.2776007,0.22208266
1396,0.32168278,0.2645533
1397,0.28475174,0.31697315
1398,0.32687882,0.2200554
1399,0.3195497,0.25422445
1400,0.30848482,0.2527668
1401,0.27058148,0.20648445
1402,0.32063875,0.212062
1403,0.38301578,0.27459106
1404,0.20053303,0.2940868
1405,0.34425288,0.2504446
1406,0.32508364,0.280598
1407,0.21217398,0.17718682
1408,0.35823157,0.260172
1409,0.2293897,0.29545912
1410,0.46237978,0.299162
1411,0.3138513,0.23209101
1412,0.24219124,0.29604456
1413,0.28311303,0.27587542
1414,0.28960246,0.18441916
1415,0.2611643,0.2639194
1416,0.26674902,0.274208
1417,0.34632748,0.26019695
1418,0.31608164,0.30419567
1419,0.28989276,0.26335284
1420,0.23479049,0.28895542
1421,0.28213283,0.28620213
1422,0.1794991,0.2645191
1423,0.4759171,0.32233366
1424,0.2562649,0.25073388
1425,0.26019093,0.23624024
1426,0.3632774,0.19606073
1427,0.2783452,0.3027118
1428,0.32330742,0.24204932
1429,0.28304392,0.20053622
1430,0.24813817,0.28155205
1431,0.30015832,0.22620222
1432,0.313798,0.27812377
1433,0.36113402,0.25965562
1434,0.28739688,0.2711644
1435,0.2775197,0.24215987
1436,0.23485143,0.25336188
1437,0.24304985,0.22131675
1438,0.29608768,0.29436305
1439,0.30045295,0.26524574
1440,0.36599183,0.24421221
1441,0.285835,0.1708429
1442,0.2749166,0.23236455
1443,0.2767116,0.24832629
1444,0.2114306,0.28100297
1445,0.22355653,0.22046076
1446,0.2036282,0.28082582
1447,0.23083588,0.31315616
1448,0.36458713,0.2255716
1449,0.2589886,0.28398654
1450,0.4007266,0.25248668
1451,0.33238634,0.30664456
1452,0.25995755,0.24431407
1453,0.22749992,0.22125258
1454,0.2615968,0.15408987
1455,0.36593673,0.28650144
1456,0.39604226,0.31197262
1457,0.27708778,0.20086429
1458,0.3445538,0.21242112
1459,0.25621063,0.2749439
1460,0.17467417,0.23538506
1461,0.22373901,0.1902351
1462,0.26435494,0.21701404
1463,0.3853669,0.22972102
1464,0.37049693,0.22251952
1465,0.38981792,0.261505
1466,0.34961125,0.25132647
1467,0.20602912,0.2820568
1468,0.31129447,0.31381845
1469,0.24699129,0.2413268
1470,0.30316424,0.24592516
1471,0.23570023,0.28164074
1472,0.30461133,0.25845328
1473,0.26677063,0.27021635
1474,0.24907464,0.24575043
1475,0.40319523,0.2548924
1476,0.34388804,0.26690292
1477,0.36586955,0.23899613
1478,0.2661793,0.24802226
1479,0.31703806,0.24342023
1480,0.28882512,0.26900503
1481,0.29688463,0.26083258
1482,0.23033875,0.3072503
1483,0.3532295,0.2850326
1484,0.3510763,0.29474017
1485,0.27528402,0.2614886
1486,0.30021274,0.27441335
1487,0.36288095,0.21397656
1488,0.33461204,0.2727974
1489,0.29621205,0.2647915
1490,0.35311258,0.27789572
1491,0.34791455,0.25784093
1492,0.2682114,0.31128728
1493,0.29113883,0.2255279
1494,0.25721052,0.23055337
1495,0.25426322,0.25136346
1496,0.2687256,0.25582415
1497,0.2338866,0.1862682
1498,0.34839398,0.23061904
1499,0.4103245,0.28677762
1500,0.29904372,0.27616677
1501,0.36617398,0.27699706
1502,0.3124447,0.16862865
1503,0.27413046,0.19739212
1504,0.22471012,0.2206852
1505,0.2940303,0.19213642
1506,0.30327135,0.25009537
1507,0.2803991,0.20635264
1508,0.258098,0.23828992
1509,0.22774443,0.28848475
1510,0.31605986,0.2645954
1511,0.310031,0.122480735
1512,0.3054747,0.23330003
1513,0.29290888,0.32691175
1514,0.30789804,0.226047
1515,0.3561359,0.25421646
1516,0.23411927,0.34496534
1517,0.30791917,0.2905833
1518,0.2867422,0.27186772
1519,0.18581948,0.16693069
1520,0.33445475,0.24986704
1521,0.3144815,0.24369776
1522,0.2820804,0.25023285
1523,0.3673518,0.30427623
1524,0.34782124,0.19416939
1525,0.22815762,0.2921409
1526,0.35388383,0.2688211
1527,0.35738993,0.23941363
1528,0.18746807,0.27061665
1529,0.33579522,0.25939158
1530,0.39429143,0.34275126
1531,0.35311854,0.26298794
1532,0.3394801,0.31065086
1533,0.27237162,0.28350207
1534,0.24523284,0.20712183
1535,0.35909486,0.23753336
1536,0.3968359,0.31518403
1537,0.24230559,0.24718474
1538,0.34538406,0.2555938
1539,0.33810148,0.34416226
1540,0.2782189,0.27285585
1541,0.325144,0.23607711
1542,0.325792,0.2359278
1543,0.3973852,0.3342149
1544,0.31057024,0.2958943
1545,0.2161701,0.25837982
1546,0.3375331,0.24029897
1547,0.29640582,0.29203102
1548,0.3481324,0.23556776
1549,0.25226822,0.23714657
1550,0.3111645,0.33115852
1551,0.25105566,0.24754393
1552,0.27417982,0.28527403
1553,0.3994827,0.28066808
1554,0.32340515,0.23795898
1555,0.21882069,0.26203373
1556,0.27542418,0.24979
1557,0.30478576,0.2797195
1558,0.40105674,0.2805751
1559,0.40714437,0.24927318
1560,0.27818385,0.25798714
1561,0.2912353,0.24593824
1562,0.3376095,0.23468919
1563,0.38893002,0.2927744
1564,0.19409956,0.24285989
1565,0.2195843,0.20505236
1566,0.36217397,0.21114334
1567,0.27577972,0.26094696
1568,0.29376248,0.2663956
1569,0.38247755,0.24856038
1570,0.25688088,0.27838093
1571,0.2142256,0.17757137
1572,0.21768205,0.26348406
1573,0.32708475,0.312484
1574,0.37426874,0.27061224
1575,0.29062313,0.3091704
1576,0.21839988,0.22724365
1577,0.2855601,0.22343996
1578,0.36669302,0.25998765
1579,0.27891675,0.22258176
1580,0.28868833,0.25460747
1581,0.2493395,0.25191444
1582,0.28335676,0.3329091
1583,0.27312756,0.26406837
1584,0.29336008,0.2713594
1585,0.38009247,0.25753313
1586,0.285442,0.24614578
1587,0.21393304,0.20546319
1588,0.29358426,0.27356845
1589,0.23583579,0.17527865
1590,0.38427734,0.24802129
1591,0.32058555,0.23429953
1592,0.21188863,0.28266177
1593,0.33155254,0.2829321
1594,0.32673827,0.24798305
1595,0.34436566,0.2212456
1596,0.28578702,0.18886836
1597,0.42618525,0.2631729
1598,0.2848487,0.20224829
1599,0.3282844,0.16764721
1600,0.29335684,0.26191568
1601,0.35738412,0.23542303
1602,0.26492184,0.25824907
1603,0.3293772,0.28776258
1604,0.32275826,0.23345241
1605,0.2532292,0.23634467
1606,0.27161446,0.29270342
1607,0.20748074,0.28113025
1608,0.33338237,0.27366924
1609,0.26645973,0.23043723
1610,0.36392584,0.2941049
1611,0.3457478,0.2516814
1612,0.29231068,0.10657188
1613,0.3098249,0.23356865
1614,0.3470519,0.22237118
1615,0.28719366,0.2628109
1616,0.20757107,0.26810032
1617,0.349972,0.2746069
1618,0.3814108,0.22093846
1619,0.36597097,0.23871781
1620,0.30317503,0.17786121
1621,0.32201332,0.22086881
1622,0.28813305,0.34538433
1623,0.24060754,0.26939145
1624,0.19292127,0.2628903
1625,0.21321046,0.25142047
1626,0.27205658,0.2492168
1627,0.3487773,0.24620934
1628,0.26367462,0.31778148
1629,0.3293122,0.24607074
1630,0.27125552,0.29422393
1631,0.2621839,0.21497348
1632,0.37218332,0.24305975
1633,0.3971209,0.20045221
1634,0.32091537,0.28551733
1635,0.2537859,0.27007625
1636,0.30316004,0.20892034
1637,0.36643073,0.30552116
1638,0.16404273,0.2714316
1639,0.32703432,0.23333427
1640,0.29048255,0.25881702
1641,0.3729632,0.16570497
1642,0.1895041,0.23871282
1643,0.35141498,0.22602767
1644,0.26127815,0.3099518
1645,0.21457568,0.3075719
1646,0.2182957,0.2794669
1647,0.22515368,0.27825737
1648,0.44771147,0.2359076
1649,0.2820355,0.26497892
1650,0.34581023,0.18229124
1651,0.3616773,0.25418463
1652,0.4031471,0.2071002
1653,0.27073526,0.26476592
1654,0.17415918,0.2559107
1655,0.3052758,0.2557629
1656,0.31118575,0.26387054
1657,0.28712454,0.28329098
1658,0.28841984,0.19702837
1659,0.296382,0.25004917
1660,0.23501341,0.29328606
1661,0.40607446,0.26598027
1662,0.32943887,0.26787657
1663,0.27924293,0.29260734
1664,0.17576496,0.22314282
1665,0.2661188,0.20430146
1666,0.31181023,0.16992138
1667,0.35180852,0.23181799
1668,0.30888715,0.25840095
1669,0.25590587,0.29270664
1670,0.36671314,0.22932804
1671,0.23925023,0.24158941
1672,0.25474617,0.23200244
1673,0.22590305,0.24851586
1674,0.2883992,0.22316343
1675,0.29757947,0.19265877
1676,0.30959287,0.24163857
1677,0.34437367,0.34281716
1678,0.18667713,0.21724036
1679,0.2756611,0.21123163
1680,0.3174687,0.33607718
1681,0.39238626,0.26203656
1682,0.36426497,0.22294235
1683,0.36191958,0.28668413
1684,0.35188532,0.23035662
1685,0.31498042,0.22633375
1686,0.3686512,0.23247764
1687,0.3573262,0.2398755
1688,0.32803562,0.28961682
1689,0.3782095,0.22029385
1690,0.37629023,0.17591573
1691,0.261714,0.21193568
1692,0.34219852,0.33856744
1693,0.34608918,0.20185679
1694,0.37421268,0.28841764
1695,0.4816106,0.2425688
1696,0.31369224,0.25562003
1697,0.38262272,0.23574425
1698,0.3175695,0.24918576
1699,0.3465225,0.30569002
1700,0.35240903,0.26704612
1701,0.3164329,0.23646346
1702,0.390299,0.25200647
1703,0.40732273,0.29105917
1704,0.3531832,0.22283694
1705,0.32059237,0.25792173
1706,0.36111835,0.26290804
1707,0.35005847,0.29176432
1708,0.4005082,0.27686742
1709,0.287853,0.17490238
1710,0.35988238,0.2761048
1711,0.40354174,0.2515441
1712,0.2977558,0.24035724
1713,0.30428502,0.22554317
1714,0.32975084,0.23302184
1715,0.4218982,0.24714513
1716,0.32096452,0.25381663
1717,0.2890318,0.3024249
1718,0.3391577,0.23907255
1719,0.40804598,0.24884208
1720,0.37054077,0.31314543
1721,0.26422766,0.29421481
1722,0.2992222,0.22999613
1723,0.247781,0.28539
1724,0.3505202,0.21024625
1725,0.24392977,0.20633407
1726,0.34345976,0.23437938
1727,0.28982508,0.26709834
1728,0.37924558,0.20785807
1729,0.32584882,0.23465256
1730,0.34957737,0.2586692
1731,0.40066218,0.29831937
1732,0.39534503,0.27354348
1733,0.31590372,0.2527842
1734,0.2966299,0.22066832
1735,0.37150678,0.2671505
1736,0.29688224,0.1870605
1737,0.3671555,0.20259508
1738,0.3835049,0.26177105
1739,0.26241446,0.22572605
1740,0.38581228,0.27784494
1741,0.39004642,0.2872998
1742,0.31461045,0.23932871
1743,0.49098918,0.2397199
1744,0.29737416,0.28416327
1745,0.306099,0.23432553
1746,0.42973012,0.23519781
1747,0.2898205,0.26543263
1748,0.3289965,0.28633913
1749,0.37817112,0.21040949
1750,0.30299988,0.3060237
1751,0.3717776,0.2696745
1752,0.37644762,0.14407855
1753,0.39991957,0.20823151
1754,0.4427521,0.19505078
1755,0.3438535,0.29098338
1756,0.42903057,0.25944483
1757,0.36110502,0.2824127
1758,0.31793004,0.18676919
1759,0.454692,0.2567885
1760,0.36351156,0.27981567
1761,0.33342323,0.2669638
1762,0.3241437,0.2353752
1763,0.32961,0.28074935
1764,0.3618765,0.26327804
1765,0.399569,0.2402904
1766,0.3016301,0.24061513
1767,0.31037843,0.27014914
1768,0.4272454,0.25645766
1769,0.33269593,0.2501727
1770,0.36462313,0.19307992
1771,0.45081007,0.31572366
1772,0.31616288,0.28416216
1773,0.36442837,0.23701563
1774,0.35436755,0.1994574
1775,0.3802479,0.24427225
1776,0.37420073,0.20281053
1777,0.3454841,0.25899765
1778,0.4232907,0.22970065
1779,0.43657872,0.24543051
1780,0.30310744,0.24519172
1781,0.43118447,0.20051587
1782,0.42708546,0.27081397
1783,0.40430877,0.25645766
1784,0.32937506,0.20523453
1785,0.36094725,0.28477162
1786,0.33589506,0.2356451
1787,0.3647965,0.3002861
1788,0.36263025,0.23464438
1789,0.31325036,0.2911014
1790,0.36609384,0.30611226
1791,0.37071648,0.3036759
1792,0.38526934,0.26846752
1793,0.3269702,0.29512218
1794,0.32718542,0.3008564
1795,0.40518925,0.2227869
1796,0.30952057,0.256549
1797,0.32808387,0.21913433
1798,0.43600196,0.21651445
1799,0.30981082,0.2970909
1800,0.3620298,0.2131746
1801,0.36046425,0.29068655
1802,0.39363274,0.14583902
1803,0.3985413,0.15983164
1804,0.39015007,0.17947079
1805,0.30687037,0.28123116
1806,0.35806924,0.26424223
1807,0.26156834,0.24317081
1808,0.36141852,0.22146039
1809,0.26983273,0.25278214
1810,0.40515342,0.28277177
1811,0.38998443,0.21129648
1812,0.3503199,0.23913635
1813,0.43781173,0.2611648
1814,0.25633508,0.15468666
1815,0.37962222,0.29432923
1816,0.3443336,0.21898322
1817,0.3120313,0.18047138
1818,0.35425842,0.24885476
1819,0.31303158,0.28043738
1820,0.40133718,0.17673641
1821,0.35492542,0.21982595
1822,0.33348313,0.2089736
1823,0.44644937,0.24516022
1824,0.31642962,0.19195816
1825,0.37948054,0.23184243
1826,0.2990289,0.28703067
1827,0.36611313,0.21273454
1828,0.3401617,0.2631615
1829,0.37525862,0.28774256
1830,0.33944502,0.18944846
1831,0.31830898,0.22833939
1832,0.24308005,0.17561084
1833,0.3736424,0.20846502
1834,0.42675722,0.31480604
1835,0.37674937,0.27146888
1836,0.35950515,0.2766115
1837,0.316599,0.25751665
1838,0.4461858,0.29368195
1839,0.2450453,0.2160087
1840,0.3513519,0.26424867
1841,0.34052914,0.2915401
1842,0.28703234,0.20268607
1843,0.36235538,0.21844408
1844,0.30989978,0.1983679
1845,0.4600344,0.19590311
1846,0.24268553,0.18888661
1847,0.22540905,0.22334109
1848,0.41993022,0.23261079
1849,0.37635076,0.25649545
1850,0.28929144,0.25846857
1851,0.36330187,0.22779198
1852,0.27858847,0.30991912
1853,0.31628177,0.31034374
1854,0.29328957,0.19025676
1855,0.4702447,0.24254002
1856,0.36343873,0.2554096
1857,0.27739453,0.263018
1858,0.43151098,0.26512426
1859,0.43526056,0.23096023
1860,0.3755545,0.23786625
1861,0.44457772,0.2873632
1862,0.3348961,0.23450409
1863,0.33373052,0.2771554
1864,0.31847125,0.27659124
1865,0.36141312,0.2536338
1866,0.38984162,0.18078306
1867,0.37677538,0.24385476
1868,0.36851543,0.26508984
1869,0.30957633,0.23925516
1870,0.37996447,0.24460305
1871,0.3354916,0.23163988
1872,0.41474107,0.27170217
1873,0.3755181,0.19843954
1874,0.41147062,0.28339303
1875,0.36667848,0.2604652
1876,0.38907224,0.20061466
1877,0.3772758,0.2176571
1878,0.33376846,0.30145186
1879,0.24201685,0.24814847
1880,0.31615037,0.23216897
1881,0.40730152,0.27295685
1882,0.28627625,0.23603153
1883,0.36063415,0.23188093
1884,0.39638776,0.24180126
1885,0.39192808,0.23819171
1886,0.34595343,0.29734313
1887,0.41347465,0.18079787
1888,0.3066913,0.28719065
1889,0.32763532,0.22316654
1890,0.2720075,0.32076037
1891,0.35826078,0.26938725
1892,0.21336056,0.28103912
1893,0.34076938,0.24678575
1894,0.33736733,0.28972778
1895,0.26134178,0.28912315
1896,0.40131068,0.27459362
1897,0.39208823,0.24283843
1898,0.30795762,0.1967859
1899,0.3135312,0.26603508
1900,0.31294036,0.29890513
1901,0.34883687,0.2572161
1902,0.40595096,0.2938704
1903,0.3753102,0.28570095
1904,0.3084031,0.24585773
1905,0.4316487,0.28183657
1906,0.35329413,0.25676823
1907,0.43864727,0.28172353
1908,0.31324568,0.2386073
1909,0.45157656,0.28599852
1910,0.39422676,0.24922903
1911,0.33686188,0.2683746
1912,0.36979404,0.2838914
1913,0.2577771,0.23648612
1914,0.304783,0.2443394
1915,0.24463087,0.21325196
1916,0.29580724,0.24145752
1917,0.35666743,0.26301906
1918,0.36947078,0.24151373
1919,0.32500672,0.17072473
1920,0.38782054,0.25929564
1921,0.33983177,0.2862526
1922,0.33758238,0.25945464
1923,0.44884232,0.21006356
1924,0.31901112,0.23465501
1925,0.44412017,0.26818666
1926,0.4244031,0.29777768
1927,0.2622219,0.23789985
1928,0.31463084,0.23660843
1929,0.35671124,0.16804735
1930,0.39364162,0.28049365
1931,0.3517506,0.25416887
1932,0.31013837,0.24779809
1933,0.3077107,0.2396614
1934,0.3702419,0.32175916
1935,0.39339513,0.26907486
1936,0.29208505,0.2845554
1937,0.41962156,0.29662153
1938,0.4665987,0.27070552
1939,0.2807957,0.17990103
1940,0.24608506,0.26948318
1941,0.52122194,0.2854305
1942,0.3266115,0.15176867
1943,0.3039541,0.21151252
1944,0.3298149,0.21996972
1945,0.35045788,0.18226923
1946,0.45989656,0.24305873
1947,0.40587467,0.25450462
1948,0.4504866,0.29890978
1949,0.2624853,0.2145725
1950,0.3604486,0.28866917
1951,0.27310473,0.25952432
1952,0.39386758,0.28555852
1953,0.3352589,0.28567195
1954,0.38166952,0.25812283
1955,0.42579705,0.25379044
1956,0.38263738,0.25408712
1957,0.31930956,0.19387439
1958,0.39353788,0.27164617
1959,0.33749202,0.23355162
1960,0.2877671,0.2198316
1961,0.3905823,0.21060288
1962,0.33396363,0.29804382
1963,0.3334916,0.20094791
1964,0.39085278,0.1683651
1965,0.41419777,0.24324322
1966,0.40397373,0.23566462
1967,0.3884364,0.26963717
1968,0.33965608,0.26201454
1969,0.3467565,0.18331061
1970,0.28378463,0.22588223
1971,0.3704157,0.2682218
1972,0.33497214,0.181099
1973,0.3604294,0.29048383
1974,0.3262186,0.26022956
1975,0.40986723,0.23147663
1976,0.3739876,0.24311271
1977,0.32218975,0.2058006
1978,0.3152318,0.22232096
1979,0.41697717,0.22180092
1980,0.3988633,0.15737194
1981,0.39673492,0.2677186
1982,0.37457794,0.24256665
1983,0.4526275,0.33617863
1984,0.3163135,0.28566185
1985,0.36004686,0.17540924
1986,0.28454605,0.21280223
1987,0.3377516,0.30455086
1988,0.32786956,0.2525059
1989,0.24393171,0.19393212
1990,0.38079002,0.26971498
1991,0.32527947,0.24436149
1992,0.44731182,0.26985583
1993,0.3426655,0.23874608
1994,0.33100694,0.1982701
1995,0.5267885,0.31745684
1996,0.26500192,0.28787196
1997,0.3764435,0.26011848
1998,0.39426684,0.24863076
1999,0.4087336,0.23024093
2000,0.386865,0.24451554
2001,0.30715752,0.25256827
2002,0.27031898,0.2262088
2003,0.31502366,0.26166406
2004,0.32807246,0.2156422
2005,0.31171936,0.3138986
2006,0.330889,0.2691117
2007,0.40224624,0.28094122
2008,0.3932969,0.24704243
2009,0.31715727,0.18988709
2010,0.27165854,0.30364925
2011,0.37013546,0.19670895
2012,0.35986727,0.24303602
2013,0.4354103,0.25698856
2014,0.31846598,0.28595182
2015,0.38459116,0.19958712
2016,0.33405066,0.25751588
2017,0.43384382,0.2716397
2018,0.4071057,0.22442056
2019,0.29252732,0.23401672
2020,0.35286236,0.26738214
2021,0.36866388,0.31463432
2022,0.4469745,0.2674402
2023,0.43108463,0.17370097
2024,0.38820994,0.22061071
2025,0.38967046,0.30170822
2026,0.29887933,0.22997764
2027,0.3771068,0.2413775
2028,0.40204537,0.25420135
2029,0.299259,0.22961906
2030,0.39021426,0.32557446
2031,0.2769015,0.2514462
2032,0.40918097,0.19599234
2033,0.34783003,0.25794965
2034,0.3783076,0.28608307
2035,0.43579826,0.25875887
2036,0.39434046,0.23324724
2037,0.33837163,0.2926894
2038,0.29098332,0.2498578
2039,0.39036226,0.22275653
2040,0.34003776,0.23730579
2041,0.39277604,0.19309372
2042,0.31060082,0.2750224
2043,0.44297478,0.2833116
2044,0.3650881,0.2019127
2045,0.328932,0.16364594
2046,0.32285756,0.30383006
2047,0.32876095,0.24001953
2048,0.30864835,0.29621717
2049,0.30050665,0.23905692
2050,0.27109984,0.34610808
2051,0.4278092,0.17507425
2052,0.43055427,0.27043343
2053,0.47804713,0.16748635
2054,0.2695549,0.21184146
2055,0.29499775,0.2947478
2056,0.36673358,0.26015338
2057,0.38487667,0.20381905
2058,0.46865448,0.25567806
2059,0.35384905,0.29804003
2060,0.36602765,0.3200147
2061,0.39590546,0.26425922
2062,0.31766072,0.19839978
2063,0.34421664,0.2977445
2064,0.37581944,0.20271447
2065,0.3638074,0.27244273
2066,0.25907895,0.2817958
2067,0.24060777,0.26193443
2068,0.41884252,0.27582374
2069,0.48073977,0.18997495
2070,0.40461576,0.14208373
2071,0.37661496,0.30723807
2072,0.41696656,0.2306564
2073,0.4031262,0.27994916
2074,0.33844033,0.2732853
2075,0.3236384,0.22347856
2076,0.33608443,0.17814206
2077,0.35799947,0.28931713
2078,0.33640772,0.23522322
2079,0.43131772,0.2556179
2080,0.33323744,0.2723236
2081,0.4429251,0.22166032
2082,0.3706041,0.23354836
2083,0.34428048,0.25281674
2084,0.2816934,0.28136513
2085,0.36769792,0.2833218
2086,0.34786856,0.2189179
2087,0.3909032,0.22259995
2088,0.365297,0.26279116
2089,0.36175713,0.16184118
2090,0.29027054,0.23126766
2091,0.30907992,0.21558875
2092,0.33470023,0.22671387
2093,0.27865133,0.16525622
2094,0.27978444,0.28347123
2095,0.37892106,0.24768297
2096,0.3453138,0.24505334
2097,0.3883135,0.23748608
2098,0.35747188,0.2364441
2099,0.33064133,0.21705218
2100,0.396259,0.21926713
2101,0.190928,0.3026764
2102,0.3378071,0.27562404
2103,0.30494386,0.25549406
2104,0.38077226,0.21609005
2105,0.30213916,0.23548113
2106,0.3292353,0.25852105
2107,0.3801552,0.2851806
2108,0.34312484,0.2615373
2109,0.33559895,0.20245233
2110,0.42003697,0.14054939
2111,0.393465,0.15525976
2112,0.3746891,0.26114067
2113,0.3387929,0.29393217
2114,0.33596006,0.24122715
2115,0.3840719,0.2475543
2116,0.2687761,0.27970046
2117,0.42849037,0.29291457
2118,0.257473,0.31376562
2119,0.33869132,0.24616753
2120,0.26638883,0.26317382
2121,0.30631807,0.27922848
2122,0.26472017,0.19870493
2123,0.3438531,0.28355244
2124,0.3289697,0.26067427
2125,0.35924158,0.24044368
2126,0.3952925,0.34365833
2127,0.26631764,0.22772525
2128,0.3482732,0.3076386
2129,0.38395292,0.24636832
2130,0.41058993,0.2479284
2131,0.41429085,0.31432393
2132,0.44174397,0.1839059
2133,0.33523172,0.21604495
2134,0.30105618,0.26205587
2135,0.42798313,0.22354333
2136,0.31376392,0.2556771
2137,0.32515928,0.21982622
2138,0.3575222,0.22253536
2139,0.44232208,0.24218744
2140,0.35549608,0.22909974
2141,0.32608256,0.18707038
2142,0.37807286,0.22168233
2143,0.36035663,0.23224293
2144,0.36826897,0.2509188
2145,0.33324242,0.25705722
2146,0.38294733,0.27944687
2147,0.36053112,0.25472385
2148,0.41372752,0.27238366
2149,0.43782648,0.27895975
2150,0.37196848,0.2598813
2151,0.31903836,0.25353676
2152,0.4385062,0.2453832
2153,0.35495695,0.25468484
2154,0.3745239,0.22932516
2155,0.36346865,0.25012887
2156,0.28613022,0.25191826
2157,0.47347683,0.26949534
2158,0.30773944,0.29515207
2159,0.32158098,0.26040336
2160,0.24491432,0.3143747
2161,0.29068297,0.29175794
2162,0.4113213,0.15507707
2163,0.37108275,0.2714604
2164,0.33393374,0.20450264
2165,0.39521843,0.28164655
2166,0.42246464,0.24326482
2167,0.32583585,0.30599993
2168,0.3358362,0.30930066
2169,0.39993194,0.25189582
2170,0.37526414,0.21974382
2171,0.29143405,0.22885047
2172,0.3868608,0.28346723
2173,0.35741565,0.2362482
2174,0.36838955,0.22123243
2175,0.2858412,0.18081795
2176,0.3928954,0.19801287
2177,0.2652624,0.19604951
2178,0.2794432,0.2487921
2179,0.2667387,0.2214376
2180,0.46954933,0.23085597
2181,0.38960764,0.2581965
2182,0.36434886,0.28432202
2183,0.41671503,0.30066124
2184,0.35750526,0.24158569
2185,0.43780243,0.31089035
2186,0.29623264,0.28456745
2187,0.3634206,0.20240651
2188,0.32855403,0.25325075
2189,0.37733775,0.2775724
2190,0.37572056,0.27230996
2191,0.31929368,0.26174793
2192,0.4289673,0.27998978
2193,0.20170362,0.20279431
2194,0.31244582,0.2653445
2195,0.32094288,0.21364588
2196,0.35590595,0.17767331
2197,0.33661607,0.30962873
2198,0.40595192,0.17507261
2199,0.36280426,0.18779926
2200,0.4004255,0.2543709
2201,0.4421645,0.25715587
2202,0.31244096,0.20273568
2203,0.2754386,0.3239828
2204,0.27066985,0.22730136
2205,0.24939921,0.2107155
2206,0.31285897,0.19488545
2207,0.3090286,0.22144158
2208,0.33235407,0.1932369
2209,0.31226015,0.17637844
2210,0.44235462,0.23860924
2211,0.34896883,0.28662005
2212,0.36294058,0.2764881
2213,0.35871834,0.2602895
2214,0.49616042,0.15812846
2215,0.33365336,0.24510865
2216,0.38128757,0.26645654
2217,0.4010086,0.20486034
2218,0.31472784,0.3128157
2219,0.32132688,0.29714984
2220,0.32215187,0.27343702
2221,0.29188678,0.24369533
2222,0.3963759,0.26482406
2223,0.30810213,0.26135814
2224,0.3403316,0.2163568
2225,0.2879624,0.24172516
2226,0.28676543,0.29834452
2227,0.24525826,0.28064793
2228,0.41303897,0.2268436
2229,0.34593958,0.25170735
2230,0.4005426,0.24197531
2231,0.27697915,0.29443455
2232,0.27908435,0.25096488
2233,0.3954463,0.16989355
2234,0.29871866,0.30116272
2235,0.39830646,0.2645769
2236,0.31677425,0.24072595
2237,0.38215727,0.21542355
2238,0.37343767,0.19117992
2239,0.3075161,0.1772127
2240,0.35791764,0.21575525
2241,0.47269902,0.2593863
2242,0.36468437,0.23743084
2243,0.35211897,0.2963522
2244,0.14847806,0.17850661
2245,0.34658775,0.19545458
2246,0.36906713,0.2444188
2247,0.32828778,0.2600907
2248,0.4521136,0.25606772
2249,0.36179748,0.29063237
2250,0.29623824,0.25881657
2251,0.38957205,0.2497204
2252,0.45102316,0.23329696
2253,0.4191588,0.28815934
2254,0.28552842,0.2801699
2255,0.41732362,0.23501939
2256,0.39179233,0.245477
2257,0.38608098,0.21763568
2258,0.33197182,0.25534886
2259,0.28076005,0.2730765
2260,0.30419058,0.09241848
2261,0.33072892,0.2722326
2262,0.32211798,0.27457774
2263,0.40835452,0.27424738
2264,0.3736065,0.26244342
2265,0.30607268,0.26538873
2266,0.38102886,0.18492247
2267,0.32353514,0.29192072
2268,0.33678427,0.27585876
2269,0.31636876,0.28260368
2270,0.44247878,0.26110032
2271,0.46898675,0.24798054
2272,0.40436575,0.22962543
2273,0.36797586,0.2421246
2274,0.29298708,0.23416288
2275,0.28071484,0.24728768
2276,0.33161396,0.25390548
2277,0.34167218,0.16258112
2278,0.29390708,0.24756171
2279,0.39881963,0.34915906
2280,0.2767564,0.20417237
2281,0.3323795,0.18909757
2282,0.3297111,0.24557741
2283,0.34696335,0.21858649
2284,0.22601198,0.23467687
2285,0.35543263,0.22274168
2286,0.4058994,0.29876712
2287,0.38574874,0.2625352
2288,0.23212959,0.23910278
2289,0.39986694,0.3683163
2290,0.37937918,0.29042214
2291,0.30864725,0.28402
2292,0.35766938,0.2757985
2293,0.36879933,0.25298047
2294,0.33227718,0.2682411
2295,0.39362726,0.2376485
2296,0.33931834,0.2911909
2297,0.41249895,0.25532374
2298,0.39824635,0.28711924
2299,0.2912998,0.26694354
2300,0.348534,0.18753532
2301,0.3448401,0.2705718
2302,0.29020002,0.27964535
2303,0.37499127,0.3038158
2304,0.30137843,0.26278222
2305,0.3777552,0.26551837
2306,0.36605954,0.2719867
2307,0.3087059,0.23489825
2308,0.29704633,0.2730687
2309,0.32810682,0.28996667
2310,0.32525995,0.24784297
2311,0.32072893,0.221279
2312,0.4209328,0.28248167
2313,0.22156192,0.25451678
2314,0.33404776,0.26604062
2315,0.38846743,0.28730574
2316,0.33725747,0.19327235
2317,0.2876759,0.27099857
2318,0.35244507,0.20023516
2319,0.39682582,0.2955223
2320,0.33348522,0.27531934
2321,0.26239705,0.25240186
2322,0.43757564,0.24597958
2323,0.30477905,0.28445253
2324,0.38976106,0.22529913
2325,0.51439697,0.19931273
2326,0.43709055,0.23977695
2327,0.33678073,0.26718962
2328,0.34751487,0.21674643
2329,0.30733803,0.29298306
2330,0.30553806,0.2677426
2331,0.45816362,0.16874218
2332,0.3640163,0.24804084
2333,0.31207117,0.26614672
2334,0.43605757,0.2904099
2335,0.4600388,0.26437593
2336,0.31923333,0.30356756
2337,0.3039027,0.16850293
2338,0.26360786,0.24698928
2339,0.38742545,0.265057
2340,0.39287162,0.229829
2341,0.38106522,0.21627142
2342,0.27733362,0.23211025
2343,0.44860393,0.3038406
2344,0.38410836,0.25209168
2345,0.4248198,0.13186347
2346,0.33676448,0.27418488
2347,0.31390727,0.2616701
2348,0.40193042,0.33288068
2349,0.22064762,0.19059674
2350,0.3374553,0.2840885
2351,0.40930796,0.32628107
2352,0.3482484,0.27457783
2353,0.431191,0.27649367
2354,0.3797436,0.22422954
2355,0.34199175,0.2516586
2356,0.38644662,0.30056876
2357,0.33872405,0.30617818
2358,0.2837996,0.24798973
2359,0.30708092,0.27291065
2360,0.45467645,0.2848193
2361,0.2848817,0.19087228
2362,0.35138315,0.30040905
2363,0.42246664,0.27331057
2364,0.44296503,0.288782
2365,0.38264963,0.26420707
2366,0.395614,0.25330713
2367,0.33465108,0.26530632
2368,0.43676803,0.20463003
2369,0.369043,0.22725682
2370,0.35558358,0.20902099
2371,0.19531383,0.1874598
2372,0.3909749,0.2225685
2373,0.5547465,0.2843211
2374,0.3434567,0.27791208
2375,0.42943293,0.27332452
2376,0.32632485,0.27415034
2377,0.3126147,0.27470338
2378,0.41004214,0.29435945
2379,0.39471278,0.22132193
2380,0.32812598,0.21068306
2381,0.38288397,0.2842685
2382,0.2758447,0.24640164
2383,0.26766753,0.25879252
2384,0.37038288,0.22914131
2385,0.31830505,0.2584108
2386,0.3686659,0.2833974
2387,0.31141403,0.25301194
2388,0.37269577,0.25950405
2389,0.28471068,0.27872878
2390,0.2840046,0.23211005
2391,0.32622212,0.24179201
2392,0.39761075,0.32290754
2393,0.38813022,0.2453178
2394,0.41116354,0.1619818
2395,0.34098694,0.21130599
2396,0.33247495,0.23614675
2397,0.40062988,0.29100823
2398,0.3842795,0.26672772
2399,0.41816282,0.2788799
2400,0.119020686,0.23612931
2401,0.4432581,0.29174274
2402,0.3891868,0.21720625
2403,0.33829498,0.26646775
2404,0.4617545,0.17971528
2405,0.38930532,0.23510839
2406,0.38022512,0.23072731
2407,0.38330662,0.2303844
2408,0.38895315,0.31352714
2409,0.3629522,0.30179933
2410,0.37039483,0.2199616
2411,0.3597829,0.26788214
2412,0.32153174,0.2233867
2413,0.2579976,0.2538505
2414,0.41443148,0.2614896
2415,0.32016206,0.29571044
2416,0.33191156,0.13256976
2417,0.30709183,0.31562737
2418,0.38349867,0.23164381
2419,0.32642245,0.27173603
2420,0.34145477,0.23246156
2421,0.36553723,0.24303289
2422,0.3496987,0.2773468
2423,0.24503525,0.2403639
2424,0.37472883,0.24679972
2425,0.36906475,0.31619066
2426,0.41982982,0.2805297
2427,0.28088105,0.29427445
2428,0.313232,0.19443125
2429,0.41418725,0.22119518
2430,0.3021817,0.2514472
2431,0.2921226,0.26351017
2432,0.32223937,0.24027106
2433,0.34325677,0.27160805
2434,0.3999463,0.2509463
2435,0.3663847,0.24931127
2436,0.49092728,0.30607587
2437,0.3451961,0.29000226
2438,0.36927232,0.25372598
2439,0.37325916,0.2811766
2440,0.36198825,0.23908372
2441,0.37936231,0.23021719
2442,0.31267866,0.2341514
2443,0.31444967,0.2264176
2444,0.38163337,0.19412886
2445,0.44134775,0.22018689
2446,0.33972955,0.20893173
2447,0.25028288,0.20333515
2448,0.30984145,0.19653617
2449,0.34849992,0.23588541
2450,0.3268086,0.10853934
2451,0.32924238,0.28062773
2452,0.27657294,0.24085294
2453,0.39076963,0.23310085
2454,0.39543483,0.2531948
2455,0.36836717,0.28953385
2456,0.34180096,0.2772623
2457,0.4888994,0.20604306
2458,0.3840192,0.25781274
2459,0.26350683,0.16988412
2460,0.33908823,0.23229852
2461,0.32487196,0.20231758
2462,0.39941978,0.278267
2463,0.3955078,0.284724
2464,0.33522367,0.30050617
2465,0.39674148,0.2938885
2466,0.3992735,0.2329808
2467,0.43365964,0.29453155
2468,0.460845,0.24791616
2469,0.36574924,0.15684913
2470,0.27425304,0.27927613
2471,0.26142856,0.2414613
2472,0.41824996,0.30347738
2473,0.32955194,0.27857167
2474,0.3215215,0.25983375
2475,0.42685086,0.25600415
2476,0.30518407,0.22889689
2477,0.40525067,0.22628886
2478,0.3147735,0.21567631
2479,0.37508234,0.3026174
2480,0.41586706,0.26931277
2481,0.34314623,0.2496072
2482,0.24600658,0.26335034
2483,0.3710254,0.21925376
2484,0.44916907,0.28802145
2485,0.40334326,0.2877667
2486,0.44077337,0.24702947
2487,0.24644016,0.27062646
2488,0.33416048,0.25615132
2489,0.38442332,0.24911502
2490,0.40343288,0.21259189
2491,0.3742084,0.2975239
2492,0.30805483,0.2502956
2493,0.38605702,0.25615013
2494,0.3333764,0.24470975
2495,0.3711406,0.25889936
2496,0.5189941,0.2113776
2497,0.40225226,0.2703347
2498,0.3936879,0.15553041
2499,0.3721687,0.31533912
2500,0.43643966,0.24067792
2501,0.34782216,0.30975747
2502,0.38505796,0.31316134
2503,0.40135077,0.15171795
2504,0.3973264,0.32582024
2505,0.38512188,0.22326827
2506,0.38672885,0.27217126
2507,0.31245267,0.1976275
2508,0.40672085,0.2521073
2509,0.34903398,0.2635316
2510,0.27559477,0.13043582
2511,0.42054912,0.30145526
2512,0.30585057,0.23277117
2513,0.359844,0.2664208
2514,0.22585799,0.2538434
2515,0.37878287,0.30476606
2516,0.35070306,0.27242285
2517,0.41589198,0.25148582
2518,0.38449433,0.3026469
2519,0.39983872,0.26535955
2520,0.33033344,0.31387672
2521,0.4057476,0.2736579
2522,0.33668968,0.22372773
2523,0.36898252,0.20366265
2524,0.3538723,0.26616627
2525,0.423783,0.20472729
2526,0.26908812,0.24806762
2527,0.29436854,0.28385612
2528,0.38237205,0.27152774
2529,0.33007613,0.23949957
2530,0.34499514,0.31010345
2531,0.27489758,0.24760352
2532,0.37054652,0.18973307
2533,0.32056367,0.28277355
2534,0.38460025,0.2606957
2535,0.37155437,0.26739118
2536,0.3392093,0.23838265
2537,0.42313653,0.26253745
2538,0.43477327,0.2679133
2539,0.43203884,0.24714595
2540,0.27016908,0.32259098
2541,0.31497857,0.29589704
2542,0.44989643,0.2369487
2543,0.375147,0.27255672
2544,0.39113373,0.2633028
2545,0.23589762,0.2636897
2546,0.3773099,0.32934245
2547,0.31658342,0.23269682
2548,0.3280077,0.31623957
2549,0.40119237,0.253055
2550,0.37946472,0.30891863
2551,0.3942986,0.24524294
2552,0.41864774,0.218322
2553,0.31927726,0.23926719
2554,0.45471737,0.24641693
2555,0.35893512,0.19378556
2556,0.3335519,0.25139174
2557,0.3198607,0.20333536
2558,0.31870624,0.23637459
2559,0.36124656,0.27858168
2560,0.3238087,0.21636462
2561,0.3354431,0.20405948
2562,0.29116702,0.25917026
2563,0.44214648,0.26786104
2564,0.31908402,0.20713225
2565,0.36480865,0.2184748
2566,0.3880044,0.23390745
2567,0.36368904,0.24285893
2568,0.4014123,0.25157863
2569,0.29095384,0.32645544
2570,0.427601,0.29952884
2571,0.39569432,0.163506
2572,0.42554367,0.2449837
2573,0.40989968,0.22003876
2574,0.33494645,0.27042556
2575,0.36111158,0.23588601
2576,0.2942207,0.27806857
2577,0.4208239,0.22313835
2578,0.34020457,0.22828022
2579,0.32357702,0.28220138
2580,0.29851332,0.113957785
2581,0.46862984,0.2562445
2582,0.4005778,0.2619538
2583,0.26279956,0.27985033
2584,0.40972757,0.28571728
2585,0.33808467,0.28203952
2586,0.28238425,0.25064954
2587,0.33543387,0.24096897
2588,0.32147753,0.27591574
2589,0.3537712,0.27495113
2590,0.32061353,0.2285289
2591,0.30781314,0.26061618
2592,0.32858452,0.28331205
2593,0.31676656,0.21026462
2594,0.3175943,0.23740351
2595,0.28887463,0.20152645
2596,0.36567765,0.1806542
2597,0.36611176,0.29959482
2598,0.34913653,0.2808243
2599,0.30163613,0.18175723
2600,0.31541127,0.2788318
2601,0.26045224,0.30021825
2602,0.28080654,0.16637768
2603,0.44006622,0.2544652
2604,0.34651256,0.20836192
2605,0.40255475,0.20805001
2606,0.31326273,0.2306727
2607,0.25063586,0.27620515
2608,0.28723118,0.2838048
2609,0.4280911,0.2623487
2610,0.39975825,0.24103932
2611,0.40173313,0.24143215
2612,0.36370793,0.27763277
2613,0.31131998,0.2003486
2614,0.39249524,0.31118295
2615,0.3653981,0.27346846
2616,0.4041409,0.25735757
2617,0.32088187,0.26527965
2618,0.33176118,0.23941338
2619,0.30696505,0.27117833
2620,0.3551847,0.23574343
2621,0.30232635,0.25398472
2622,0.35232428,0.22867322
2623,0.35357848,0.22714983
2624,0.3579114,0.18221417
2625,0.34327504,0.28434473
2626,0.35398453,0.24423987
2627,0.31086916,0.23571113
2628,0.3706409,0.22909406
2629,0.3672901,0.20153922
2630,0.32797107,0.2445025
2631,0.31295633,0.33796605
2632,0.32819918,0.24344417
2633,0.32324588,0.14845166
2634,0.31591085,0.2569368
2635,0.41585016,0.20106012
2636,0.2045731,0.33623856
2637,0.37980992,0.26686502
2638,0.24861144,0.23554574
2639,0.4311172,0.26971754
2640,0.37418407,0.26697868
2641,0.3157404,0.22420022
2642,0.33594117,0.2399073
2643,0.32907373,0.2935661
2644,0.33471227,0.2696755
2645,0.36577305,0.26544732
2646,0.45143166,0.23872761
2647,0.2508582,0.28112227
2648,0.35007727,0.26828077
2649,0.4149782,0.25705206
2650,0.28541178,0.27085778
2651,0.4532855,0.29379863
2652,0.38812017,0.3120724
2653,0.34326154,0.2394424
2654,0.369692,0.25726008
2655,0.32225236,0.24772546
2656,0.33215237,0.28254116
2657,0.3254741,0.27430063
2658,0.4027423,0.25751516
2659,0.2701685,0.24011752
2660,0.3583342,0.23101465
2661,0.31676722,0.20430571
2662,0.30095953,0.2830417
2663,0.36471143,0.25200585
2664,0.28955594,0.2919681
2665,0.30821612,0.21511726
2666,0.3245999,0.23491953
2667,0.47161213,0.2738293
2668,0.19629098,0.23392384
2669,0.31344712,0.28534725
2670,0.42251444,0.14447555
2671,0.33706367,0.12111149
2672,0.24461801,0.24481413
2673,0.37778214,0.21740572
2674,0.43037406,0.32532668
2675,0.4401422,0.26581395
2676,0.323392,0.21563607
2677,0.30959833,0.24364644
2678,0.30536592,0.31210306
2679,0.3776081,0.24189322
2680,0.44704723,0.27279666
2681,0.38052934,0.2958787
2682,0.335268,0.26746893
2683,0.32980448,0.291805
2684,0.43782184,0.25784516
2685,0.45718905,0.20774442
2686,0.38698182,0.18075313
2687,0.47042364,0.24405028
2688,0.39002913,0.14788465
2689,0.31203726,0.1850397
2690,0.3487365,0.27893105
2691,0.4092606,0.24640852
2692,0.26191235,0.2867852
2693,0.37456912,0.26592392
2694,0.36350408,0.27949372
2695,0.38806427,0.272526
2696,0.37991244,0.21041194
2697,0.29354194,0.26321954
2698,0.3983907,0.28301597
2699,0.38487625,0.24555556
2700,0.42120603,0.19549717
2701,0.3142534,0.19370678
2702,0.32833007,0.28331882
2703,0.30154777,0.2845588
2704,0.34639135,0.2877355
2705,0.31260058,0.23658921
2706,0.36079893,0.27326566
2707,0.31459025,0.21929608
2708,0.3003983,0.25066933
2709,0.29195604,0.22497393
2710,0.35423353,0.31174713
2711,0.3783582,0.14125583
2712,0.40965363,0.23692077
2713,0.3610755,0.2350357
2714,0.32235813,0.24850133
2715,0.39104846,0.25373918
2716,0.3050402,0.2812636
2717,0.40201268,0.29311323
2718,0.4077539,0.24404696
2719,0.4013523,0.20423847
2720,0.28220135,0.24456425
2721,0.38100588,0.19961238
2722,0.33084622,0.2699201
2723,0.37627348,0.26512375
2724,0.41755283,0.2437682
2725,0.47894508,0.36170828
2726,0.22672503,0.25779912
2727,0.42511502,0.2785278
2728,0.3414225,0.2741163
2729,0.35629484,0.29001954
2730,0.29613584,0.28867382
2731,0.30487353,0.22195777
2732,0.3903375,0.25221977
2733,0.36168915,0.29776594
2734,0.30806178,0.26615572
2735,0.34645432,0.27888086
2736,0.3220632,0.27259234
2737,0.27704,0.21664993
2738,0.399719,0.17946604
2739,0.30022898,0.20439388
2740,0.36906403,0.2612198
2741,0.274258,0.28700566
2742,0.32531613,0.2571652
2743,0.30910516,0.2670446
2744,0.29594103,0.28237522
2745,0.41801226,0.30064818
2746,0.31138605,0.25319362
2747,0.36638618,0.23912783
2748,0.39113778,0.16273285
2749,0.34942362,0.2200333
2750,0.30708444,0.26634157
2751,0.31050605,0.14749454
2752,0.36609703,0.24124385
2753,0.3421326,0.31273854
2754,0.417736,0.27624622
2755,0.31838727,0.34424797
2756,0.33119982,0.2429554
2757,0.33356598,0.29564086
2758,0.3482734,0.29275998
2759,0.34168315,0.20936239
2760,0.35328075,0.23643543
2761,0.40592796,0.23141174
2762,0.33536497,0.24541183
2763,0.3529986,0.26971588
2764,0.42998174,0.22024001
2765,0.3564374,0.25349534
2766,0.36208364,0.22992142
2767,0.42945853,0.20453878
2768,0.34666127,0.26408178
2769,0.4140921,0.29651287
2770,0.34893015,0.24571845
2771,0.34923804,0.2020364
2772,0.360607,0.25968665
2773,0.31892166,0.16434684
2774,0.24903145,0.27406177
2775,0.26442954,0.1944608
2776,0.4270404,0.33891723
2777,0.40250462,0.2874054
2778,0.25687248,0.25414962
2779,0.3929954,0.1750963
2780,0.383459,0.24648727
2781,0.37998164,0.2595775
2782,0.32053775,0.26231703
2783,0.32518432,0.22735499
2784,0.38710126,0.24041383
2785,0.37579834,0.32154307
2786,0.38243103,0.14977504
2787,0.3243162,0.206192
2788,0.38417202,0.22579263
2789,0.3481093,0.16512945
2790,0.44124004,0.30198583
2791,0.35307005,0.2975463
2792,0.33402365,0.2235801
2793,0.25357145,0.24401532
2794,0.3879064,0.35091513
2795,0.3888599,0.24180785
2796,0.42089525,0.18593402
2797,0.38650993,0.23611042
2798,0.33796665,0.24852115
2799,0.27865535,0.1949474
2800,0.4023211,0.32223323
2801,0.34521735,0.23735878
2802,0.22630021,0.23688424
2803,0.33483887,0.25613144
2804,0.29484823,0.25535902
2805,0.32904345,0.23709178
2806,0.34727225,0.2505056
2807,0.32874793,0.33867732
2808,0.32659423,0.32133877
2809,0.28165048,0.26934266
2810,0.3396565,0.2706694
2811,0.3972447,0.30339456
2812,0.3741088,0.18738943
2813,0.3309779,0.21684414
2814,0.38456702,0.27276134
2815,0.43760654,0.2691331
2816,0.44088593,0.20333926
2817,0.3983732,0.28032768
2818,0.46676898,0.19224516
2819,0.34250283,0.27664873
2820,0.41193184,0.21237282
2821,0.3043364,0.22163075
2822,0.30059382,0.22631697
2823,0.32018638,0.24452616
2824,0.43722954,0.19052131
2825,0.29171965,0.21755214
2826,0.31686363,0.27960432
2827,0.43665236,0.25932625
2828,0.31035635,0.2682302
2829,0.32081014,0.22875361
2830,0.35055447,0.26488203
2831,0.33026466,0.2554906
2832,0.32893246,0.22041386
2833,0.2763542,0.28276005
2834,0.23823522,0.2581044
2835,0.37430722,0.19000217
2836,0.4021444,0.23297101
2837,0.46300197,0.3002478
2838,0.32941225,0.2579935
2839,0.3006541,0.22530058
2840,0.31728956,0.25809363
2841,0.4120668,0.23711312
2842,0.3144556,0.28883296
2843,0.46137014,0.1486601
2844,0.32149863,0.27623016
2845,0.24462688,0.16903749
2846,0.2985798,0.23812155
2847,0.44433552,0.13517162
2848,0.2402819,0.267992
2849,0.35299516,0.28210595
2850,0.41335317,0.20196067
2851,0.393152,0.3140954
2852,0.49307987,0.3085122
2853,0.27087072,0.27673975
2854,0.37462544,0.17252792
2855,0.35653886,0.259852
2856,0.40164286,0.3004868
2857,0.41480783,0.22667927
2858,0.4126647,0.1846953
2859,0.30650657,0.2414451
2860,0.32489812,0.17914559
2861,0.4169797,0.28946608
2862,0.32032233,0.26320383
2863,0.39448026,0.24088264
2864,0.35805222,0.27004388
2865,0.35978135,0.27233106
2866,0.28084484,0.18263987
2867,0.37022164,0.27808514
2868,0.4004243,0.23727675
2869,0.2904695,0.21462761
2870,0.31971565,0.2478943
2871,0.33100525,0.26462
2872,0.28527704,0.3121131
2873,0.42405793,0.3089362
2874,0.4414623,0.28281564
2875,0.3774632,0.18736836
2876,0.3586491,0.19720137
2877,0.41440418,0.29418272
2878,0.29544178,0.24723811
2879,0.45899713,0.2693159
2880,0.34052303,0.22815013
2881,0.31256244,0.24115118
2882,0.3702484,0.27131182
2883,0.3246853,0.23279507
2884,0.35884288,0.19231914
2885,0.43939927,0.20491098
2886,0.41142276,0.24639544
2887,0.34157467,0.14348
2888,0.21633175,0.23817109
2889,0.42388847,0.28988653
2890,0.30580395,0.19976538
2891,0.3360678,0.24292016
2892,0.34746367,0.23947003
2893,0.4506689,0.2894702
2894,0.3367309,0.23159428
2895,0.20265788,0.2455629
2896,0.38980874,0.2982275
2897,0.34422585,0.24716544
2898,0.39814106,0.30227104
2899,0.42682257,0.32484594
2900,0.4164044,0.28398222
